{
    "version": "2023-08-31",
    "name": "accounts-fireworks-models-qwq-32b_10000_1000_summary",
    "model": "accounts/fireworks/models/qwq-32b",
    "mean_input_tokens": 10000,
    "stddev_input_tokens": 0,
    "mean_output_tokens": 1000,
    "stddev_output_tokens": 0,
    "num_concurrent_requests": 1,
    "results_ttft_s_quantiles_p25": 0.7454097722657025,
    "results_ttft_s_quantiles_p50": 1.0595000610337593,
    "results_ttft_s_quantiles_p75": 1.3455036715313327,
    "results_ttft_s_quantiles_p90": 1.4019149959087371,
    "results_ttft_s_quantiles_p95": 1.4223892394453286,
    "results_ttft_s_quantiles_p99": 1.438768634274602,
    "results_ttft_s_mean": 1.0576889804098755,
    "results_ttft_s_min": 0.7060189340263605,
    "results_ttft_s_max": 1.4428634829819202,
    "results_ttft_s_stddev": 0.32334239820080546,
    "results_inter_token_latency_s_quantiles_p25": 0.052296272353890665,
    "results_inter_token_latency_s_quantiles_p50": 0.05492374244425446,
    "results_inter_token_latency_s_quantiles_p75": 0.05639671269012615,
    "results_inter_token_latency_s_quantiles_p90": 0.05857178799367289,
    "results_inter_token_latency_s_quantiles_p95": 0.06087539578086877,
    "results_inter_token_latency_s_quantiles_p99": 0.06271828201062549,
    "results_inter_token_latency_s_mean": 0.05511502722093562,
    "results_inter_token_latency_s_min": 0.05090387488822811,
    "results_inter_token_latency_s_max": 0.06317900356806466,
    "results_inter_token_latency_s_stddev": 0.0037665651188304844,
    "results_end_to_end_latency_s_quantiles_p25": 7.768381485075224,
    "results_end_to_end_latency_s_quantiles_p50": 7.977794500999153,
    "results_end_to_end_latency_s_quantiles_p75": 8.568068746797508,
    "results_end_to_end_latency_s_quantiles_p90": 8.98172853917349,
    "results_end_to_end_latency_s_quantiles_p95": 9.520672889577689,
    "results_end_to_end_latency_s_quantiles_p99": 9.95182836990105,
    "results_end_to_end_latency_s_mean": 8.229910642420872,
    "results_end_to_end_latency_s_min": 7.318593060015701,
    "results_end_to_end_latency_s_max": 10.05961723998189,
    "results_end_to_end_latency_s_stddev": 0.8018716312208836,
    "results_request_input_throughput_token_per_s_quantiles_p25": 7432.2179217106395,
    "results_request_input_throughput_token_per_s_quantiles_p50": 9832.289202064818,
    "results_request_input_throughput_token_per_s_quantiles_p75": 13417.337250659011,
    "results_request_input_throughput_token_per_s_quantiles_p90": 13850.772792725938,
    "results_request_input_throughput_token_per_s_quantiles_p95": 14007.34944158254,
    "results_request_input_throughput_token_per_s_quantiles_p99": 14132.610760667823,
    "results_request_input_throughput_token_per_s_mean": 10327.137934315611,
    "results_request_input_throughput_token_per_s_min": 6930.662614964319,
    "results_request_input_throughput_token_per_s_max": 14163.926090439143,
    "results_request_input_throughput_token_per_s_stddev": 3186.683610977312,
    "results_request_output_throughput_token_per_s_quantiles_p25": 137.47731353102583,
    "results_request_output_throughput_token_per_s_quantiles_p50": 141.8995846045315,
    "results_request_output_throughput_token_per_s_quantiles_p75": 147.59584517426055,
    "results_request_output_throughput_token_per_s_quantiles_p90": 151.50260051408324,
    "results_request_output_throughput_token_per_s_quantiles_p95": 152.74263089433117,
    "results_request_output_throughput_token_per_s_quantiles_p99": 153.73465519852948,
    "results_request_output_throughput_token_per_s_mean": 140.34195119937914,
    "results_request_output_throughput_token_per_s_min": 113.79075771673715,
    "results_request_output_throughput_token_per_s_max": 153.98266127457907,
    "results_request_output_throughput_token_per_s_stddev": 11.334133787277862,
    "results_number_input_tokens_quantiles_p25": 10000.0,
    "results_number_input_tokens_quantiles_p50": 10000.0,
    "results_number_input_tokens_quantiles_p75": 10000.0,
    "results_number_input_tokens_quantiles_p90": 10000.0,
    "results_number_input_tokens_quantiles_p95": 10000.0,
    "results_number_input_tokens_quantiles_p99": 10000.0,
    "results_number_input_tokens_mean": 10000.0,
    "results_number_input_tokens_min": "10000",
    "results_number_input_tokens_max": "10000",
    "results_number_input_tokens_stddev": 0.0,
    "results_number_output_tokens_quantiles_p25": 1000.0,
    "results_number_output_tokens_quantiles_p50": 1000.0,
    "results_number_output_tokens_quantiles_p75": 1000.0,
    "results_number_output_tokens_quantiles_p90": 1000.0,
    "results_number_output_tokens_quantiles_p95": 1000.0,
    "results_number_output_tokens_quantiles_p99": 1000.0,
    "results_number_output_tokens_mean": 1000.0,
    "results_number_output_tokens_min": "1000",
    "results_number_output_tokens_max": "1000",
    "results_number_output_tokens_stddev": 0.0,
    "results_num_requests_started": 10,
    "results_error_rate": 0.0,
    "results_number_errors": 0,
    "results_error_code_frequency": "{}",
    "results_mean_output_throughput_token_per_s": 120.63668117373324,
    "results_num_completed_requests": 10,
    "results_num_completed_requests_per_min": 7.238200870423994,
    "timestamp": 1741833461
}