{
    "version": "2023-08-31",
    "name": "accounts-fireworks-models-qwq-32b_1000_1000_summary",
    "model": "accounts/fireworks/models/qwq-32b",
    "mean_input_tokens": 1000,
    "stddev_input_tokens": 0,
    "mean_output_tokens": 1000,
    "stddev_output_tokens": 0,
    "num_concurrent_requests": 1,
    "results_ttft_s_quantiles_p25": 1.148761988762999,
    "results_ttft_s_quantiles_p50": 1.2402267804718576,
    "results_ttft_s_quantiles_p75": 1.3285249237669632,
    "results_ttft_s_quantiles_p90": 1.4230042681796475,
    "results_ttft_s_quantiles_p95": 1.4773118440527468,
    "results_ttft_s_quantiles_p99": 1.5207579047512263,
    "results_ttft_s_mean": 1.1567493469803594,
    "results_ttft_s_min": 0.5096900359494612,
    "results_ttft_s_max": 1.5316194199258462,
    "results_ttft_s_stddev": 0.32175166329577176,
    "results_inter_token_latency_s_quantiles_p25": 0.05089812977486591,
    "results_inter_token_latency_s_quantiles_p50": 0.05185317449309128,
    "results_inter_token_latency_s_quantiles_p75": 0.05371582782862243,
    "results_inter_token_latency_s_quantiles_p90": 0.05612475654771852,
    "results_inter_token_latency_s_quantiles_p95": 0.056164209385916236,
    "results_inter_token_latency_s_quantiles_p99": 0.0561957716564744,
    "results_inter_token_latency_s_mean": 0.052547547236191386,
    "results_inter_token_latency_s_min": 0.050262131759896876,
    "results_inter_token_latency_s_max": 0.056203662224113944,
    "results_inter_token_latency_s_stddev": 0.002194973349466259,
    "results_end_to_end_latency_s_quantiles_p25": 7.614234212960582,
    "results_end_to_end_latency_s_quantiles_p50": 7.893276500981301,
    "results_end_to_end_latency_s_quantiles_p75": 8.55094745880342,
    "results_end_to_end_latency_s_quantiles_p90": 8.856552689289675,
    "results_end_to_end_latency_s_quantiles_p95": 8.884946376120206,
    "results_end_to_end_latency_s_quantiles_p99": 8.907661325584632,
    "results_end_to_end_latency_s_mean": 8.000708817900158,
    "results_end_to_end_latency_s_min": 6.860365686006844,
    "results_end_to_end_latency_s_max": 8.913340062950738,
    "results_end_to_end_latency_s_stddev": 0.6611469218826124,
    "results_request_input_throughput_token_per_s_quantiles_p25": 752.7154608751072,
    "results_request_input_throughput_token_per_s_quantiles_p50": 806.3845292284432,
    "results_request_input_throughput_token_per_s_quantiles_p75": 870.5509472098839,
    "results_request_input_throughput_token_per_s_quantiles_p90": 1535.5226225147899,
    "results_request_input_throughput_token_per_s_quantiles_p95": 1748.749686022441,
    "results_request_input_throughput_token_per_s_quantiles_p99": 1919.3313368285626,
    "results_request_input_throughput_token_per_s_mean": 966.4564111142796,
    "results_request_input_throughput_token_per_s_min": 652.9037089699576,
    "results_request_input_throughput_token_per_s_max": 1961.9767495300928,
    "results_request_input_throughput_token_per_s_stddev": 420.34962468622933,
    "results_request_output_throughput_token_per_s_quantiles_p25": 137.1866269954084,
    "results_request_output_throughput_token_per_s_quantiles_p50": 145.63792661033466,
    "results_request_output_throughput_token_per_s_quantiles_p75": 157.5430117526577,
    "results_request_output_throughput_token_per_s_quantiles_p90": 157.73573413296623,
    "results_request_output_throughput_token_per_s_quantiles_p95": 158.44936489251174,
    "results_request_output_throughput_token_per_s_quantiles_p99": 159.02026950014817,
    "results_request_output_throughput_token_per_s_mean": 146.80422972331917,
    "results_request_output_throughput_token_per_s_min": 132.9635005492555,
    "results_request_output_throughput_token_per_s_max": 159.16299565205728,
    "results_request_output_throughput_token_per_s_stddev": 10.576442826494208,
    "results_number_input_tokens_quantiles_p25": 1000.0,
    "results_number_input_tokens_quantiles_p50": 1000.0,
    "results_number_input_tokens_quantiles_p75": 1000.0,
    "results_number_input_tokens_quantiles_p90": 1000.0,
    "results_number_input_tokens_quantiles_p95": 1000.0,
    "results_number_input_tokens_quantiles_p99": 1000.0,
    "results_number_input_tokens_mean": 1000.0,
    "results_number_input_tokens_min": "1000",
    "results_number_input_tokens_max": "1000",
    "results_number_input_tokens_stddev": 0.0,
    "results_number_output_tokens_quantiles_p25": 1000.0,
    "results_number_output_tokens_quantiles_p50": 1000.0,
    "results_number_output_tokens_quantiles_p75": 1000.0,
    "results_number_output_tokens_quantiles_p90": 1000.0,
    "results_number_output_tokens_quantiles_p95": 1000.0,
    "results_number_output_tokens_quantiles_p99": 1000.0,
    "results_number_output_tokens_mean": 1000.0,
    "results_number_output_tokens_min": "1000",
    "results_number_output_tokens_max": "1000",
    "results_number_output_tokens_stddev": 0.0,
    "results_num_requests_started": 10,
    "results_error_rate": 0.0,
    "results_number_errors": 0,
    "results_error_code_frequency": "{}",
    "results_mean_output_throughput_token_per_s": 124.09371062398203,
    "results_num_completed_requests": 10,
    "results_num_completed_requests_per_min": 7.445622637438922,
    "timestamp": 1741832969
}