{
    "version": "2023-08-31",
    "name": "Llama_10000_1000_summary",
    "model": "Llama",
    "mean_input_tokens": 10000,
    "stddev_input_tokens": 1000,
    "mean_output_tokens": 1000,
    "stddev_output_tokens": 100,
    "num_concurrent_requests": 1,
    "results_ttft_s_quantiles_p25": 13.805822273017839,
    "results_ttft_s_quantiles_p50": 14.179835526039824,
    "results_ttft_s_quantiles_p75": 14.813396052923054,
    "results_ttft_s_quantiles_p90": 15.698227475374006,
    "results_ttft_s_quantiles_p95": 16.06774484219495,
    "results_ttft_s_quantiles_p99": 16.36335873565171,
    "results_ttft_s_mean": 14.288406089892508,
    "results_ttft_s_min": 12.11207746702712,
    "results_ttft_s_max": 16.4372622090159,
    "results_ttft_s_stddev": 1.2825135606552935,
    "results_inter_token_latency_s_quantiles_p25": 0.054014080170515365,
    "results_inter_token_latency_s_quantiles_p50": 0.054781753335717234,
    "results_inter_token_latency_s_quantiles_p75": 0.05500050036415744,
    "results_inter_token_latency_s_quantiles_p90": 0.05540429631116542,
    "results_inter_token_latency_s_quantiles_p95": 0.05568496173158303,
    "results_inter_token_latency_s_quantiles_p99": 0.05590949406791711,
    "results_inter_token_latency_s_mean": 0.054640717482759525,
    "results_inter_token_latency_s_min": 0.05355896184482196,
    "results_inter_token_latency_s_max": 0.05596562715200064,
    "results_inter_token_latency_s_stddev": 0.0007945340689079299,
    "results_end_to_end_latency_s_quantiles_p25": 62.161596979014575,
    "results_end_to_end_latency_s_quantiles_p50": 68.43896733294241,
    "results_end_to_end_latency_s_quantiles_p75": 71.6078639839543,
    "results_end_to_end_latency_s_quantiles_p90": 73.99010933460669,
    "results_end_to_end_latency_s_quantiles_p95": 77.66679913382977,
    "results_end_to_end_latency_s_quantiles_p99": 80.60815097320825,
    "results_end_to_end_latency_s_mean": 67.32607228355482,
    "results_end_to_end_latency_s_min": 55.80098766204901,
    "results_end_to_end_latency_s_max": 81.34348893305287,
    "results_end_to_end_latency_s_stddev": 7.855312286230443,
    "results_request_input_throughput_token_per_s_quantiles_p25": 676.4822842917648,
    "results_request_input_throughput_token_per_s_quantiles_p50": 684.7852666409619,
    "results_request_input_throughput_token_per_s_quantiles_p75": 693.5784941168298,
    "results_request_input_throughput_token_per_s_quantiles_p90": 705.3839634513912,
    "results_request_input_throughput_token_per_s_quantiles_p95": 715.4012721231738,
    "results_request_input_throughput_token_per_s_quantiles_p99": 723.4151190606,
    "results_request_input_throughput_token_per_s_mean": 688.4222441706585,
    "results_request_input_throughput_token_per_s_min": 671.705534632402,
    "results_request_input_throughput_token_per_s_max": 725.4185807949565,
    "results_request_input_throughput_token_per_s_stddev": 16.691499913746522,
    "results_request_output_throughput_token_per_s_quantiles_p25": 18.200272308588964,
    "results_request_output_throughput_token_per_s_quantiles_p50": 18.276751821699346,
    "results_request_output_throughput_token_per_s_quantiles_p75": 18.534017008282206,
    "results_request_output_throughput_token_per_s_quantiles_p90": 18.674377869733213,
    "results_request_output_throughput_token_per_s_quantiles_p95": 18.681008470423166,
    "results_request_output_throughput_token_per_s_quantiles_p99": 18.68631295097513,
    "results_request_output_throughput_token_per_s_mean": 18.3240627902088,
    "results_request_output_throughput_token_per_s_min": 17.8886521983311,
    "results_request_output_throughput_token_per_s_max": 18.687639071113118,
    "results_request_output_throughput_token_per_s_stddev": 0.26439727819227177,
    "results_number_input_tokens_quantiles_p25": 9562.0,
    "results_number_input_tokens_quantiles_p50": 9990.0,
    "results_number_input_tokens_quantiles_p75": 10021.0,
    "results_number_input_tokens_quantiles_p90": 10589.8,
    "results_number_input_tokens_quantiles_p95": 10815.4,
    "results_number_input_tokens_quantiles_p99": 10995.88,
    "results_number_input_tokens_mean": 9824.111111111111,
    "results_number_input_tokens_min": "8483",
    "results_number_input_tokens_max": "11041",
    "results_number_input_tokens_stddev": 747.0024170717998,
    "results_number_output_tokens_quantiles_p25": 869.0,
    "results_number_output_tokens_quantiles_p50": 976.0,
    "results_number_output_tokens_quantiles_p75": 1043.0,
    "results_number_output_tokens_quantiles_p90": 1149.8,
    "results_number_output_tokens_quantiles_p95": 1205.3999999999999,
    "results_number_output_tokens_quantiles_p99": 1249.8799999999999,
    "results_number_output_tokens_mean": 973.1111111111111,
    "results_number_output_tokens_min": "730",
    "results_number_output_tokens_max": "1261",
    "results_number_output_tokens_stddev": 163.59282108671857,
    "results_num_requests_started": 9,
    "results_error_rate": 0.0,
    "results_number_errors": 0,
    "results_error_code_frequency": "{}",
    "results_mean_output_throughput_token_per_s": 14.438688581946373,
    "results_num_completed_requests": 9,
    "results_num_completed_requests_per_min": 0.8902594010334598,
    "timestamp": 1741827924
}