{
    "version": "2023-08-31",
    "name": "Llama_10000_100_summary",
    "model": "Llama",
    "mean_input_tokens": 10000,
    "stddev_input_tokens": 0,
    "mean_output_tokens": 100,
    "stddev_output_tokens": 0,
    "num_concurrent_requests": 1,
    "results_ttft_s_quantiles_p25": 0.032678339193807915,
    "results_ttft_s_quantiles_p50": 0.03389825246995315,
    "results_ttft_s_quantiles_p75": 0.035118165746098384,
    "results_ttft_s_quantiles_p90": 0.03585011371178552,
    "results_ttft_s_quantiles_p95": 0.03609409636701457,
    "results_ttft_s_quantiles_p99": 0.03628928249119781,
    "results_ttft_s_mean": 0.03389825246995315,
    "results_ttft_s_min": 0.03145842591766268,
    "results_ttft_s_max": 0.03633807902224362,
    "results_ttft_s_stddev": 0.0034504358000871714,
    "results_inter_token_latency_s_quantiles_p25": 0.053002973830896534,
    "results_inter_token_latency_s_quantiles_p50": 0.05307784815662249,
    "results_inter_token_latency_s_quantiles_p75": 0.053152722482348445,
    "results_inter_token_latency_s_quantiles_p90": 0.053197647077784016,
    "results_inter_token_latency_s_quantiles_p95": 0.05321262194292921,
    "results_inter_token_latency_s_quantiles_p99": 0.05322460183504536,
    "results_inter_token_latency_s_mean": 0.05307784815662249,
    "results_inter_token_latency_s_min": 0.05292809950517058,
    "results_inter_token_latency_s_max": 0.0532275968080744,
    "results_inter_token_latency_s_stddev": 0.0002117765738303746,
    "results_end_to_end_latency_s_quantiles_p25": 19.506693602685118,
    "results_end_to_end_latency_s_quantiles_p50": 19.56385400943691,
    "results_end_to_end_latency_s_quantiles_p75": 19.6210144161887,
    "results_end_to_end_latency_s_quantiles_p90": 19.655310660239774,
    "results_end_to_end_latency_s_quantiles_p95": 19.666742741590134,
    "results_end_to_end_latency_s_quantiles_p99": 19.67588840667042,
    "results_end_to_end_latency_s_mean": 19.56385400943691,
    "results_end_to_end_latency_s_min": 19.449533195933327,
    "results_end_to_end_latency_s_max": 19.67817482294049,
    "results_end_to_end_latency_s_stddev": 0.161674044918291,
    "results_request_input_throughput_token_per_s_quantiles_p25": 285865.024786969,
    "results_request_input_throughput_token_per_s_quantiles_p50": 296536.6362435662,
    "results_request_input_throughput_token_per_s_quantiles_p75": 307208.2477001634,
    "results_request_input_throughput_token_per_s_quantiles_p90": 313611.21457412175,
    "results_request_input_throughput_token_per_s_quantiles_p95": 315745.5368654412,
    "results_request_input_throughput_token_per_s_quantiles_p99": 317452.9946984967,
    "results_request_input_throughput_token_per_s_mean": 296536.6362435662,
    "results_request_input_throughput_token_per_s_min": 275193.4133303718,
    "results_request_input_throughput_token_per_s_max": 317879.8591567606,
    "results_request_input_throughput_token_per_s_stddev": 30183.875308591745,
    "results_request_output_throughput_token_per_s_quantiles_p25": 5.105215696939645,
    "results_request_output_throughput_token_per_s_quantiles_p50": 5.120522323111945,
    "results_request_output_throughput_token_per_s_quantiles_p75": 5.135828949284246,
    "results_request_output_throughput_token_per_s_quantiles_p90": 5.145012924987627,
    "results_request_output_throughput_token_per_s_quantiles_p95": 5.148074250222087,
    "results_request_output_throughput_token_per_s_quantiles_p99": 5.150523310409655,
    "results_request_output_throughput_token_per_s_mean": 5.120522323111945,
    "results_request_output_throughput_token_per_s_min": 5.089909070767344,
    "results_request_output_throughput_token_per_s_max": 5.151135575456547,
    "results_request_output_throughput_token_per_s_stddev": 0.043293676654085934,
    "results_number_input_tokens_quantiles_p25": 10000.0,
    "results_number_input_tokens_quantiles_p50": 10000.0,
    "results_number_input_tokens_quantiles_p75": 10000.0,
    "results_number_input_tokens_quantiles_p90": 10000.0,
    "results_number_input_tokens_quantiles_p95": 10000.0,
    "results_number_input_tokens_quantiles_p99": 10000.0,
    "results_number_input_tokens_mean": 10000.0,
    "results_number_input_tokens_min": "10000",
    "results_number_input_tokens_max": "10000",
    "results_number_input_tokens_stddev": 0.0,
    "results_number_output_tokens_quantiles_p25": 100.0,
    "results_number_output_tokens_quantiles_p50": 100.0,
    "results_number_output_tokens_quantiles_p75": 100.0,
    "results_number_output_tokens_quantiles_p90": 100.0,
    "results_number_output_tokens_quantiles_p95": 100.0,
    "results_number_output_tokens_quantiles_p99": 100.0,
    "results_number_output_tokens_mean": 100.0,
    "results_number_output_tokens_min": "100",
    "results_number_output_tokens_max": "100",
    "results_number_output_tokens_stddev": 0.0,
    "results_num_requests_started": 2,
    "results_error_rate": 0.0,
    "results_number_errors": 0,
    "results_error_code_frequency": "{}",
    "results_mean_output_throughput_token_per_s": 5.033075618058233,
    "results_num_completed_requests": 2,
    "results_num_completed_requests_per_min": 3.01984537083494,
    "timestamp": 1741823485
}