{
    "version": "2023-08-31",
    "name": "Llama-3-1-8B_550_150_summary",
    "model": "Llama 3.1 8B",
    "mean_input_tokens": 550,
    "stddev_input_tokens": 150,
    "mean_output_tokens": 150,
    "stddev_output_tokens": 10,
    "num_concurrent_requests": 1,
    "results_inter_token_latency_s_quantiles_p25": 0.015454835385111543,
    "results_inter_token_latency_s_quantiles_p50": 0.015566427410314125,
    "results_inter_token_latency_s_quantiles_p75": 0.015597575964077239,
    "results_inter_token_latency_s_quantiles_p90": 0.015604561484066292,
    "results_inter_token_latency_s_quantiles_p95": 0.015606889990729308,
    "results_inter_token_latency_s_quantiles_p99": 0.015608752796059723,
    "results_inter_token_latency_s_mean": 0.01553034272603947,
    "results_inter_token_latency_s_min": 0.01542365637330211,
    "results_inter_token_latency_s_max": 0.015609218497392326,
    "results_inter_token_latency_s_stddev": 8.533337043202872e-05,
    "results_ttft_s_quantiles_p25": 0.1959162100101821,
    "results_ttft_s_quantiles_p50": 0.24254737998126075,
    "results_ttft_s_quantiles_p75": 0.2536676329909824,
    "results_ttft_s_quantiles_p90": 0.2609447041992098,
    "results_ttft_s_quantiles_p95": 0.2633703946019523,
    "results_ttft_s_quantiles_p99": 0.26531094692414625,
    "results_ttft_s_mean": 0.22753859119256958,
    "results_ttft_s_min": 0.17976564797572792,
    "results_ttft_s_max": 0.26579608500469476,
    "results_ttft_s_stddev": 0.03759606194216135,
    "results_end_to_end_latency_s_quantiles_p25": 2.2305633290088736,
    "results_end_to_end_latency_s_quantiles_p50": 2.364709927001968,
    "results_end_to_end_latency_s_quantiles_p75": 2.388338028045837,
    "results_end_to_end_latency_s_quantiles_p90": 2.445325885200873,
    "results_end_to_end_latency_s_quantiles_p95": 2.464321837585885,
    "results_end_to_end_latency_s_quantiles_p99": 2.4795185994938946,
    "results_end_to_end_latency_s_mean": 2.3292672772076912,
    "results_end_to_end_latency_s_min": 2.1794073120108806,
    "results_end_to_end_latency_s_max": 2.483317789970897,
    "results_end_to_end_latency_s_stddev": 0.12316409183529597,
    "results_request_output_throughput_token_per_s_quantiles_p25": 75.69638794003804,
    "results_request_output_throughput_token_per_s_quantiles_p50": 76.66224839981655,
    "results_request_output_throughput_token_per_s_quantiles_p75": 78.00285842078118,
    "results_request_output_throughput_token_per_s_quantiles_p90": 79.76520572354303,
    "results_request_output_throughput_token_per_s_quantiles_p95": 80.35265482446364,
    "results_request_output_throughput_token_per_s_quantiles_p99": 80.82261410520015,
    "results_request_output_throughput_token_per_s_mean": 77.16608248182199,
    "results_request_output_throughput_token_per_s_min": 74.52881372308988,
    "results_request_output_throughput_token_per_s_max": 80.94010392538426,
    "results_request_output_throughput_token_per_s_stddev": 2.4653838018964263,
    "results_number_input_tokens_quantiles_p25": 531.0,
    "results_number_input_tokens_quantiles_p50": 538.0,
    "results_number_input_tokens_quantiles_p75": 581.0,
    "results_number_input_tokens_quantiles_p90": 593.0,
    "results_number_input_tokens_quantiles_p95": 597.0,
    "results_number_input_tokens_quantiles_p99": 600.2,
    "results_number_input_tokens_mean": 546.8,
    "results_number_input_tokens_min": "483",
    "results_number_input_tokens_max": "601",
    "results_number_input_tokens_stddev": 46.11073627692362,
    "results_number_output_tokens_quantiles_p25": 171.0,
    "results_number_output_tokens_quantiles_p50": 178.0,
    "results_number_output_tokens_quantiles_p75": 179.0,
    "results_number_output_tokens_quantiles_p90": 192.2,
    "results_number_output_tokens_quantiles_p95": 196.6,
    "results_number_output_tokens_quantiles_p99": 200.12,
    "results_number_output_tokens_mean": 179.8,
    "results_number_output_tokens_min": "170",
    "results_number_output_tokens_max": "201",
    "results_number_output_tokens_stddev": 12.517987058628874,
    "results_num_requests_started": 5,
    "results_error_rate": 0.0,
    "results_number_errors": 0,
    "results_error_code_frequency": "{}",
    "results_mean_output_throughput_token_per_s": 73.63019576913551,
    "results_num_completed_requests": 5,
    "results_num_completed_requests_per_min": 24.57069936678604,
    "timestamp": 1741814149
}