{
    "version": "2023-08-31",
    "name": "Llama_500_100_summary",
    "model": "Llama",
    "mean_input_tokens": 500,
    "stddev_input_tokens": 0,
    "mean_output_tokens": 100,
    "stddev_output_tokens": 0,
    "num_concurrent_requests": 1,
    "results_ttft_s_quantiles_p25": 0.024456753046251833,
    "results_ttft_s_quantiles_p50": 0.024456753046251833,
    "results_ttft_s_quantiles_p75": 0.024456753046251833,
    "results_ttft_s_quantiles_p90": 0.024456753046251833,
    "results_ttft_s_quantiles_p95": 0.024456753046251833,
    "results_ttft_s_quantiles_p99": 0.024456753046251833,
    "results_ttft_s_mean": 0.024456753046251833,
    "results_ttft_s_min": 0.024456753046251833,
    "results_ttft_s_max": 0.024456753046251833,
    "results_ttft_s_stddev": NaN,
    "results_inter_token_latency_s_quantiles_p25": 0.014680721454858554,
    "results_inter_token_latency_s_quantiles_p50": 0.014680721454858554,
    "results_inter_token_latency_s_quantiles_p75": 0.014680721454858554,
    "results_inter_token_latency_s_quantiles_p90": 0.014680721454858554,
    "results_inter_token_latency_s_quantiles_p95": 0.014680721454858554,
    "results_inter_token_latency_s_quantiles_p99": 0.014680721454858554,
    "results_inter_token_latency_s_mean": 0.014680721454858554,
    "results_inter_token_latency_s_min": 0.014680721454858554,
    "results_inter_token_latency_s_max": 0.014680721454858554,
    "results_inter_token_latency_s_stddev": NaN,
    "results_end_to_end_latency_s_quantiles_p25": 1.519181784009561,
    "results_end_to_end_latency_s_quantiles_p50": 1.519181784009561,
    "results_end_to_end_latency_s_quantiles_p75": 1.519181784009561,
    "results_end_to_end_latency_s_quantiles_p90": 1.519181784009561,
    "results_end_to_end_latency_s_quantiles_p95": 1.519181784009561,
    "results_end_to_end_latency_s_quantiles_p99": 1.519181784009561,
    "results_end_to_end_latency_s_mean": 1.519181784009561,
    "results_end_to_end_latency_s_min": 1.519181784009561,
    "results_end_to_end_latency_s_max": 1.519181784009561,
    "results_end_to_end_latency_s_stddev": NaN,
    "results_request_input_throughput_token_per_s_quantiles_p25": 20444.2510849423,
    "results_request_input_throughput_token_per_s_quantiles_p50": 20444.2510849423,
    "results_request_input_throughput_token_per_s_quantiles_p75": 20444.2510849423,
    "results_request_input_throughput_token_per_s_quantiles_p90": 20444.2510849423,
    "results_request_input_throughput_token_per_s_quantiles_p95": 20444.2510849423,
    "results_request_input_throughput_token_per_s_quantiles_p99": 20444.2510849423,
    "results_request_input_throughput_token_per_s_mean": 20444.2510849423,
    "results_request_input_throughput_token_per_s_min": 20444.2510849423,
    "results_request_input_throughput_token_per_s_max": 20444.2510849423,
    "results_request_input_throughput_token_per_s_stddev": NaN,
    "results_request_output_throughput_token_per_s_quantiles_p25": 66.90193709779032,
    "results_request_output_throughput_token_per_s_quantiles_p50": 66.90193709779032,
    "results_request_output_throughput_token_per_s_quantiles_p75": 66.90193709779032,
    "results_request_output_throughput_token_per_s_quantiles_p90": 66.90193709779032,
    "results_request_output_throughput_token_per_s_quantiles_p95": 66.90193709779032,
    "results_request_output_throughput_token_per_s_quantiles_p99": 66.90193709779032,
    "results_request_output_throughput_token_per_s_mean": 66.90193709779032,
    "results_request_output_throughput_token_per_s_min": 66.90193709779032,
    "results_request_output_throughput_token_per_s_max": 66.90193709779032,
    "results_request_output_throughput_token_per_s_stddev": NaN,
    "results_number_input_tokens_quantiles_p25": 500.0,
    "results_number_input_tokens_quantiles_p50": 500.0,
    "results_number_input_tokens_quantiles_p75": 500.0,
    "results_number_input_tokens_quantiles_p90": 500.0,
    "results_number_input_tokens_quantiles_p95": 500.0,
    "results_number_input_tokens_quantiles_p99": 500.0,
    "results_number_input_tokens_mean": 500.0,
    "results_number_input_tokens_min": "500",
    "results_number_input_tokens_max": "500",
    "results_number_input_tokens_stddev": NaN,
    "results_number_output_tokens_quantiles_p25": 100.0,
    "results_number_output_tokens_quantiles_p50": 100.0,
    "results_number_output_tokens_quantiles_p75": 100.0,
    "results_number_output_tokens_quantiles_p90": 100.0,
    "results_number_output_tokens_quantiles_p95": 100.0,
    "results_number_output_tokens_quantiles_p99": 100.0,
    "results_number_output_tokens_mean": 100.0,
    "results_number_output_tokens_min": "100",
    "results_number_output_tokens_max": "100",
    "results_number_output_tokens_stddev": NaN,
    "results_num_requests_started": 1,
    "results_error_rate": 0.0,
    "results_number_errors": 0,
    "results_error_code_frequency": "{}",
    "results_mean_output_throughput_token_per_s": 47.03850196617143,
    "results_num_completed_requests": 1,
    "results_num_completed_requests_per_min": 28.22310117970286,
    "timestamp": 1741822680
}