{
    "individual_responses": [
        {
            "error_code": null,
            "error_msg": "",
            "number_input_chars": 317,
            "number_output_chars": 423,
            "number_total_chars": 740,
            "number_input_tokens": 95,
            "number_output_tokens": 100,
            "number_total_tokens": 195,
            "ttft_s": 0.5263588239995443,
            "total_output_time_s": 2.750861657000314,
            "end_to_end_latency_s": 3.2772204809998584,
            "inter_token_latency_s": 0.02750861657000314,
            "request_input_throughput_chars_per_s": 602.2507566060572,
            "request_output_throughput_chars_per_s": 153.77000109168037,
            "request_input_throughput_tokens_per_s": 180.48524251601083,
            "request_output_throughput_tokens_per_s": 36.35224612096463
        },
        {
            "error_code": null,
            "error_msg": "",
            "number_input_chars": 584,
            "number_output_chars": 421,
            "number_total_chars": 1005,
            "number_input_tokens": 153,
            "number_output_tokens": 100,
            "number_total_tokens": 253,
            "ttft_s": 0.5771479249997356,
            "total_output_time_s": 2.7506370199998855,
            "end_to_end_latency_s": 3.327784944999621,
            "inter_token_latency_s": 0.027506370199998856,
            "request_input_throughput_chars_per_s": 1011.8723029286947,
            "request_output_throughput_chars_per_s": 153.05545476880752,
            "request_input_throughput_tokens_per_s": 265.09668210289436,
            "request_output_throughput_tokens_per_s": 36.35521490945547
        },
        {
            "error_code": null,
            "error_msg": "",
            "number_input_chars": 3944,
            "number_output_chars": 457,
            "number_total_chars": 4401,
            "number_input_tokens": 990,
            "number_output_tokens": 100,
            "number_total_tokens": 1090,
            "ttft_s": 1.405953153000155,
            "total_output_time_s": 2.6626171919997432,
            "end_to_end_latency_s": 4.068570344999898,
            "inter_token_latency_s": 0.026626171919997433,
            "request_input_throughput_chars_per_s": 2805.214378291284,
            "request_output_throughput_chars_per_s": 171.63563781272396,
            "request_input_throughput_tokens_per_s": 704.14863958123,
            "request_output_throughput_tokens_per_s": 37.55703234414091
        },
        {
            "error_code": null,
            "error_msg": "",
            "number_input_chars": 7880,
            "number_output_chars": 434,
            "number_total_chars": 8314,
            "number_input_tokens": 1950,
            "number_output_tokens": 100,
            "number_total_tokens": 2050,
            "ttft_s": 2.1482540709994282,
            "total_output_time_s": 2.6881609560005018,
            "end_to_end_latency_s": 4.83641502699993,
            "inter_token_latency_s": 0.02688160956000502,
            "request_input_throughput_chars_per_s": 3668.0949922901823,
            "request_output_throughput_chars_per_s": 161.44866587368105,
            "request_input_throughput_tokens_per_s": 907.7138623053115,
            "request_output_throughput_tokens_per_s": 37.200153427115445
        },
        {
            "error_code": null,
            "error_msg": "",
            "number_input_chars": 22467,
            "number_output_chars": 467,
            "number_total_chars": 22934,
            "number_input_tokens": 5540,
            "number_output_tokens": 100,
            "number_total_tokens": 5640,
            "ttft_s": 5.401444977999745,
            "total_output_time_s": 2.729227157000423,
            "end_to_end_latency_s": 8.130672135000168,
            "inter_token_latency_s": 0.02729227157000423,
            "request_input_throughput_chars_per_s": 4159.44253648955,
            "request_output_throughput_chars_per_s": 171.11071125104138,
            "request_input_throughput_tokens_per_s": 1025.6514733676995,
            "request_output_throughput_tokens_per_s": 36.64040926146497
        },
        {
            "error_code": null,
            "error_msg": "",
            "number_input_chars": 66160,
            "number_output_chars": 440,
            "number_total_chars": 66600,
            "number_input_tokens": 16291,
            "number_output_tokens": 100,
            "number_total_tokens": 16391,
            "ttft_s": 7.796128697000313,
            "total_output_time_s": 10.942605768000249,
            "end_to_end_latency_s": 18.73873446500056,
            "inter_token_latency_s": 0.10942605768000249,
            "request_input_throughput_chars_per_s": 8486.26319181418,
            "request_output_throughput_chars_per_s": 40.20980096776434,
            "request_input_throughput_tokens_per_s": 2089.6268690726242,
            "request_output_throughput_tokens_per_s": 9.13859112903735
        }
    ],
    "summary": {
        "version": "2023-08-31",
        "name": "ospatch/QwQ-32B-INT8-W8A8",
        "model": "ospatch/QwQ-32B-INT8-W8A8",
        "mean_input_tokens_list": [
            100,
            300,
            1000,
            3000,
            10000,
            30000
        ],
        "norm_stddev_input_tokens": 0.2,
        "mean_output_tokens": 100,
        "stddev_output_tokens": 0,
        "num_concurrent_requests": 1,
        "results_ttft_s_quantiles_p25": 0.7843492319998404,
        "results_ttft_s_quantiles_p50": 1.7771036119997916,
        "results_ttft_s_quantiles_p75": 4.588147251249666,
        "results_ttft_s_quantiles_p90": 6.598786837500029,
        "results_ttft_s_quantiles_p95": 7.197457767250171,
        "results_ttft_s_quantiles_p99": 7.676394511050285,
        "results_ttft_s_mean": 2.9758812746664867,
        "results_ttft_s_min": 0.5263588239995443,
        "results_ttft_s_max": 7.796128697000313,
        "results_ttft_s_stddev": 2.967216456749222,
        "results_inter_token_latency_s_quantiles_p25": 0.026984275062504823,
        "results_inter_token_latency_s_quantiles_p50": 0.027399320885001542,
        "results_inter_token_latency_s_quantiles_p75": 0.02750805497750207,
        "results_inter_token_latency_s_quantiles_p90": 0.06846733712500282,
        "results_inter_token_latency_s_quantiles_p95": 0.08894669740250266,
        "results_inter_token_latency_s_quantiles_p99": 0.10533018562450254,
        "results_inter_token_latency_s_mean": 0.04087351625000186,
        "results_inter_token_latency_s_min": 0.026626171919997433,
        "results_inter_token_latency_s_max": 0.10942605768000249,
        "results_inter_token_latency_s_stddev": 0.03358559975295289,
        "results_end_to_end_latency_s_quantiles_p25": 3.5129812949996904,
        "results_end_to_end_latency_s_quantiles_p50": 4.452492685999914,
        "results_end_to_end_latency_s_quantiles_p75": 7.3071078580001085,
        "results_end_to_end_latency_s_quantiles_p90": 13.434703300000365,
        "results_end_to_end_latency_s_quantiles_p95": 16.086718882500463,
        "results_end_to_end_latency_s_quantiles_p99": 18.208331348500543,
        "results_end_to_end_latency_s_mean": 7.063232899666673,
        "results_end_to_end_latency_s_min": 3.2772204809998584,
        "results_end_to_end_latency_s_max": 18.73873446500056,
        "results_end_to_end_latency_s_stddev": 5.994513265210452,
        "results_request_input_throughput_tokens_per_s_quantiles_p25": 374.8596714724783,
        "results_request_input_throughput_tokens_per_s_quantiles_p50": 805.9312509432707,
        "results_request_input_throughput_tokens_per_s_quantiles_p75": 996.1670706021025,
        "results_request_input_throughput_tokens_per_s_quantiles_p90": 1557.6391712201619,
        "results_request_input_throughput_tokens_per_s_quantiles_p95": 1823.633020146393,
        "results_request_input_throughput_tokens_per_s_quantiles_p99": 2036.4280992873782,