{
    "individual_responses": [
        {
            "error_code": null,
            "error_msg": "",
            "ttft_s": 0.613257691002218,
            "total_output_time_s": 5.88687374300207,
            "end_to_end_latency_s": 6.500131434004288,
            "inter_token_latency_s": 0.014253931581118814,
            "number_input_chars": 265,
            "number_output_chars": 413,
            "number_total_chars": 678,
            "request_input_throughput_chars_per_s": 432.1185105186745,
            "request_output_throughput_chars_per_s": 70.15608250320425
        },
        {
            "error_code": null,
            "error_msg": "",
            "ttft_s": 1.6682331950141815,
            "total_output_time_s": 4.77592226798879,
            "end_to_end_latency_s": 6.444155463002971,
            "inter_token_latency_s": 0.011184829667421053,
            "number_input_chars": 3609,
            "number_output_chars": 427,
            "number_total_chars": 4036,
            "request_input_throughput_chars_per_s": 2163.3666149229934,
            "request_output_throughput_chars_per_s": 89.40681527880392
        },
        {
            "error_code": null,
            "error_msg": "",
            "ttft_s": 1.7109807429951616,
            "total_output_time_s": 4.776292369002476,
            "end_to_end_latency_s": 6.487273111997638,
            "inter_token_latency_s": 0.01123833498588818,
            "number_input_chars": 265,
            "number_output_chars": 425,
            "number_total_chars": 690,
            "request_input_throughput_chars_per_s": 154.88193019408482,
            "request_output_throughput_chars_per_s": 88.98115256892467
        },
        {
            "error_code": null,
            "error_msg": "",
            "ttft_s": 1.7561397300014505,
            "total_output_time_s": 4.777671087998897,
            "end_to_end_latency_s": 6.533810818000347,
            "inter_token_latency_s": 0.010957961211006645,
            "number_input_chars": 822,
            "number_output_chars": 436,
            "number_total_chars": 1258,
            "request_input_throughput_chars_per_s": 468.07209355677014,
            "request_output_throughput_chars_per_s": 91.25785177954064
        }
    ],
    "summary": {
        "version": "2023-08-31",
        "name": "ospatch/QwQ-32B-INT8-W8A8",
        "model": "ospatch/QwQ-32B-INT8-W8A8",
        "list_mean_input_tokens": [
            100,
            300,
            1000,
            3000
        ],
        "norm_stddev_input_tokens": 0.2,
        "mean_output_tokens": 100,
        "stddev_output_tokens": 0,
        "num_concurrent_requests": 6,
        "results_ttft_s_quantiles_p25": 1.4044893190111907,
        "results_ttft_s_quantiles_p50": 1.6896069690046716,
        "results_ttft_s_quantiles_p75": 1.7222704897467338,
        "results_ttft_s_quantiles_p90": 1.7425920338995637,
        "results_ttft_s_quantiles_p95": 1.7493658819505071,
        "results_ttft_s_quantiles_p99": 1.7547849603912617,
        "results_ttft_s_mean": 1.437152839753253,
        "results_ttft_s_min": 0.613257691002218,
        "results_ttft_s_max": 1.7561397300014505,
        "results_ttft_s_stddev": 0.5504348897211739,
        "results_inter_token_latency_s_quantiles_p25": 0.01112811255331745,
        "results_inter_token_latency_s_quantiles_p50": 0.011211582326654616,
        "results_inter_token_latency_s_quantiles_p75": 0.011992234134695839,
        "results_inter_token_latency_s_quantiles_p90": 0.013349252602549624,
        "results_inter_token_latency_s_quantiles_p95": 0.013801592091834217,
        "results_inter_token_latency_s_quantiles_p99": 0.014163463683261894,
        "results_inter_token_latency_s_mean": 0.011908764361358673,
        "results_inter_token_latency_s_min": 0.010957961211006645,
        "results_inter_token_latency_s_max": 0.014253931581118814,
        "results_inter_token_latency_s_stddev": 0.001568161652799987,
        "results_end_to_end_latency_s_quantiles_p25": 6.476493699748971,
        "results_end_to_end_latency_s_quantiles_p50": 6.493702273000963,
        "results_end_to_end_latency_s_quantiles_p75": 6.508551280003303,
        "results_end_to_end_latency_s_quantiles_p90": 6.52370700280153,
        "results_end_to_end_latency_s_quantiles_p95": 6.5287589104009385,
        "results_end_to_end_latency_s_quantiles_p99": 6.532800436480466,
        "results_end_to_end_latency_s_mean": 6.491342706751311,
        "results_end_to_end_latency_s_min": 6.444155463002971,
        "results_end_to_end_latency_s_max": 6.533810818000347,
        "results_end_to_end_latency_s_stddev": 0.03707640657620464,
        "results_request_input_throughput_chars_per_s_quantiles_p25": 362.80936543752705,
        "results_request_input_throughput_chars_per_s_quantiles_p50": 450.0953020377223,
        "results_request_input_throughput_chars_per_s_quantiles_p75": 891.895723898326,
        "results_request_input_throughput_chars_per_s_quantiles_p90": 1654.7782585131267,
        "results_request_input_throughput_chars_per_s_quantiles_p95": 1909.0724367180594,
        "results_request_input_throughput_chars_per_s_quantiles_p99": 2112.507779282006,
        "results_request_input_throughput_chars_per_s_mean": 804.6097872981308,
        "results_request_input_throughput_chars_per_s_min": 154.88193019408482,
        "results_request_input_throughput_chars_per_s_max": 2163.3666149229934,
        "results_request_input_throughput_chars_per_s_stddev": 916.5831068884297,
        "results_request_output_throughput_chars_per_s_quantiles_p25": 84.27488505249457,
        "results_request_output_throughput_chars_per_s_quantiles_p50": 89.1939839238643,
        "results_request_output_throughput_chars_per_s_quantiles_p75": 89.8695744039881,
        "results_request_output_throughput_chars_per_s_quantiles_p90": 90.70254082931963,
        "results_request_output_throughput_chars_per_s_quantiles_p95": 90.98019630443014,
        "results_request_output_throughput_chars_per_s_quantiles_p99": 91.20232068451854,
        "results_request_output_throughput_chars_per_s_mean": 84.95047553261837,
        "results_request_output_throughput_chars_per_s_min": 70.15608250320425,
        "results_request_output_throughput_chars_per_s_max": 91.25785177954064,
        "results_request_output_throughput_chars_per_s_stddev": 9.912321987194467,
        "results_number_input_chars_quantiles_p25": 265.0,
        "results_number_input_chars_quantiles_p50": 543.5,
        "results_number_input_chars_quantiles_p75": 1518.75,
        "results_number_input_chars_quantiles_p90": 2772.9000000000005,
        "results_number_input_chars_quantiles_p95": 3190.949999999999,
        "results_number_input_chars_quantiles_p99": 3525.3899999999994,
        "results_number_input_chars_mean": 1240.25,
        "results_number_input_chars_min": "265",
        "results_number_input_chars_max": "3609",
        "results_number_input_chars_stddev": 1600.8471455243107,
        "results_number_output_chars_quantiles_p25": 422.0,
        "results_number_output_chars_quantiles_p50": 426.0,
        "results_number_output_chars_quantiles_p75": 429.25,
        "results_number_output_chars_quantiles_p90": 433.3,
        "results_number_output_chars_quantiles_p95": 434.65,
        "results_number_output_chars_quantiles_p99": 435.73,
        "results_number_output_chars_mean": 425.25,
        "results_number_output_chars_min": "413",
        "results_number_output_chars_max": "436",
        "results_number_output_chars_stddev": 9.464847243000456,
        "results_num_requests_started": 4,
        "results_error_rate": 0.0,
        "results_number_errors": 0,
        "results_error_code_frequency": "{}",
        "results_num_completed_requests": 4,
        "results_num_completed_requests_per_min": 19.793088003003827,
        "timestamp": 1742265991
    }
}