{
    "individual_responses": [
        {
            "error_code": null,
            "error_msg": "",
            "number_input_chars": 239,
            "number_output_chars": 433,
            "number_total_chars": 672,
            "number_input_tokens": 72,
            "number_output_tokens": 100,
            "number_total_tokens": 172,
            "ttft_s": 0.5797880179998174,
            "total_output_time_s": 2.7317503940003007,
            "end_to_end_latency_s": 3.311538412000118,
            "inter_token_latency_s": 0.027317503940003006,
            "request_input_throughput_chars_per_s": 412.2196261049246,
            "request_output_throughput_chars_per_s": 158.50642904673535,
            "request_input_throughput_tokens_per_s": 124.1833183244961,
            "request_output_throughput_tokens_per_s": 36.606565599707935
        },
        {
            "error_code": null,
            "error_msg": "",
            "number_input_chars": 1064,
            "number_output_chars": 459,
            "number_total_chars": 1523,
            "number_input_tokens": 277,
            "number_output_tokens": 100,
            "number_total_tokens": 377,
            "ttft_s": 0.7472640550004144,
            "total_output_time_s": 2.6960337559994514,
            "end_to_end_latency_s": 3.4432978109998658,
            "inter_token_latency_s": 0.026960337559994513,
            "request_input_throughput_chars_per_s": 1423.8608064714285,
            "request_output_throughput_chars_per_s": 170.25009385679718,
            "request_input_throughput_tokens_per_s": 370.6855670982949,
            "request_output_throughput_tokens_per_s": 37.091523716077816
        },
        {
            "error_code": null,
            "error_msg": "",
            "number_input_chars": 2885,
            "number_output_chars": 455,
            "number_total_chars": 3340,
            "number_input_tokens": 728,
            "number_output_tokens": 100,
            "number_total_tokens": 828,
            "ttft_s": 1.1942759300000034,
            "total_output_time_s": 2.6556237009999677,
            "end_to_end_latency_s": 3.849899630999971,
            "inter_token_latency_s": 0.026556237009999678,
            "request_input_throughput_chars_per_s": 2415.6896471990285,
            "request_output_throughput_chars_per_s": 171.33451543931884,
            "request_input_throughput_tokens_per_s": 609.5743719795122,
            "request_output_throughput_tokens_per_s": 37.65593745919095
        },
        {
            "error_code": null,
            "error_msg": "",
            "number_input_chars": 7387,
            "number_output_chars": 460,
            "number_total_chars": 7847,
            "number_input_tokens": 1831,
            "number_output_tokens": 100,
            "number_total_tokens": 1931,
            "ttft_s": 1.9315000330007024,
            "total_output_time_s": 2.759367034999741,
            "end_to_end_latency_s": 4.690867068000443,
            "inter_token_latency_s": 0.02759367034999741,
            "request_input_throughput_chars_per_s": 3824.4886739783524,
            "request_output_throughput_chars_per_s": 166.7048979586158,
            "request_input_throughput_tokens_per_s": 947.9678843988579,
            "request_output_throughput_tokens_per_s": 36.24019520839474
        },
        {
            "error_code": null,
            "error_msg": "",
            "number_input_chars": 32534,
            "number_output_chars": 426,
            "number_total_chars": 32960,
            "number_input_tokens": 8034,
            "number_output_tokens": 100,
            "number_total_tokens": 8134,
            "ttft_s": 7.294275725999796,
            "total_output_time_s": 2.8415659680003955,
            "end_to_end_latency_s": 10.135841694000192,
            "inter_token_latency_s": 0.028415659680003955,
            "request_input_throughput_chars_per_s": 4460.209789442899,
            "request_output_throughput_chars_per_s": 149.9173360032093,
            "request_input_throughput_tokens_per_s": 1101.411613954148,
            "request_output_throughput_tokens_per_s": 35.19186291155148
        },
        {
            "error_code": null,
            "error_msg": "",
            "number_input_chars": 94480,
            "number_output_chars": 487,
            "number_total_chars": 94967,
            "number_input_tokens": 23265,
            "number_output_tokens": 100,
            "number_total_tokens": 23365,
            "ttft_s": 8.010323246000553,
            "total_output_time_s": 17.365997405999224,
            "end_to_end_latency_s": 25.376320651999777,
            "inter_token_latency_s": 0.17365997405999223,
            "request_input_throughput_chars_per_s": 11794.779948134128,
            "request_output_throughput_chars_per_s": 28.043307194769124,
            "request_input_throughput_tokens_per_s": 2904.3771749930197,
            "request_output_throughput_tokens_per_s": 5.758379300773948
        }
    ],
    "summary": {
        "version": "2023-08-31",
        "name": "ospatch/QwQ-32B-INT8-W8A8",
        "model": "ospatch/QwQ-32B-INT8-W8A8",
        "mean_input_tokens_list": [
            100,
            300,
            1000,
            3000,
            10000,
            30000
        ],
        "norm_stddev_input_tokens": 0.2,
        "mean_output_tokens": 100,
        "stddev_output_tokens": 0,
        "num_concurrent_requests": 1,
        "results_ttft_s_quantiles_p25": 0.8590170237503116,
        "results_ttft_s_quantiles_p50": 1.562887981500353,
        "results_ttft_s_quantiles_p75": 5.953581802750023,
        "results_ttft_s_quantiles_p90": 7.6522994860001745,
        "results_ttft_s_quantiles_p95": 7.831311366000364,
        "results_ttft_s_quantiles_p99": 7.974520870000515,
        "results_ttft_s_mean": 3.2929045013335476,
        "results_ttft_s_min": 0.5797880179998174,
        "results_ttft_s_max": 8.010323246000553,
        "results_ttft_s_stddev": 3.4165468423857783,
        "results_inter_token_latency_s_quantiles_p25": 0.027049629154996636,
        "results_inter_token_latency_s_quantiles_p50": 0.02745558714500021,
        "results_inter_token_latency_s_quantiles_p75": 0.02821016234750232,
        "results_inter_token_latency_s_quantiles_p90": 0.10103781686999809,
        "results_inter_token_latency_s_quantiles_p95": 0.13734889546499515,
        "results_inter_token_latency_s_quantiles_p99": 0.16639775834099285,
        "results_inter_token_latency_s_mean": 0.05175056376666513,
        "results_inter_token_latency_s_min": 0.026556237009999678,
        "results_inter_token_latency_s_max": 0.17365997405999223,
        "results_inter_token_latency_s_stddev": 0.05972647887652087,
        "results_end_to_end_latency_s_quantiles_p25": 3.544948265999892,
        "results_end_to_end_latency_s_quantiles_p50": 4.270383349500207,
        "results_end_to_end_latency_s_quantiles_p75": 8.774598037500255,
        "results_end_to_end_latency_s_quantiles_p90": 17.756081172999984,
        "results_end_to_end_latency_s_quantiles_p95": 21.56620091249988,
        "results_end_to_end_latency_s_quantiles_p99": 24.6142967040998,
        "results_end_to_end_latency_s_mean": 8.467960878000062,
        "results_end_to_end_latency_s_min": 3.311538412000118,
        "results_end_to_end_latency_s_max": 25.376320651999777,
        "results_end_to_end_latency_s_stddev": 8.67298467171157,
        "results_request_input_throughput_tokens_per_s_quantiles_p25": 430.4077683185992,
        "results_request_input_throughput_tokens_per_s_quantiles_p50": 778.771128189185,
        "results_request_input_throughput_tokens_per_s_quantiles_p75": 1063.0506815653255,
        "results_request_input_throughput_tokens_per_s_quantiles_p90": 2002.8943944735838,
        "results_request_input_throughput_tokens_per_s_quantiles_p95": 2453.635784733302,
        "results_request_input_throughput_tokens_per_s_quantiles_p99": 2814.2288969410765,