{
    "individual_responses": [
        {
            "error_code": null,
            "error_msg": "",
            "number_input_chars": 283,
            "number_output_chars": 402,
            "number_total_chars": 685,
            "number_input_tokens": 85,
            "number_output_tokens": 100,
            "number_total_tokens": 185,
            "ttft_s": 0.492664436999803,
            "total_output_time_s": 2.752024409999649,
            "end_to_end_latency_s": 3.244688846999452,
            "inter_token_latency_s": 0.02752024409999649,
            "request_input_throughput_chars_per_s": 574.4274982042456,
            "request_output_throughput_chars_per_s": 146.0742857291921,
            "request_input_throughput_tokens_per_s": 172.53122737583348,
            "request_output_throughput_tokens_per_s": 36.33688699731147
        },
        {
            "error_code": null,
            "error_msg": "",
            "number_input_chars": 1340,
            "number_output_chars": 432,
            "number_total_chars": 1772,
            "number_input_tokens": 331,
            "number_output_tokens": 100,
            "number_total_tokens": 431,
            "ttft_s": 0.7503643970003395,
            "total_output_time_s": 2.7395327679996626,
            "end_to_end_latency_s": 3.489897165000002,
            "inter_token_latency_s": 0.027395327679996626,
            "request_input_throughput_chars_per_s": 1785.7990135949822,
            "request_output_throughput_chars_per_s": 157.69112348140862,
            "request_input_throughput_tokens_per_s": 441.11901007458147,
            "request_output_throughput_tokens_per_s": 36.5025748799557
        },
        {
            "error_code": null,
            "error_msg": "",
            "number_input_chars": 3022,
            "number_output_chars": 433,
            "number_total_chars": 3455,
            "number_input_tokens": 755,
            "number_output_tokens": 100,
            "number_total_tokens": 855,
            "ttft_s": 1.1503839549995973,
            "total_output_time_s": 2.669257546999688,
            "end_to_end_latency_s": 3.8196415019992855,
            "inter_token_latency_s": 0.02669257546999688,
            "request_input_throughput_chars_per_s": 2626.9490172097,
            "request_output_throughput_chars_per_s": 162.21739280524008,
            "request_input_throughput_tokens_per_s": 656.3026168078503,
            "request_output_throughput_tokens_per_s": 37.46360110975522
        },
        {
            "error_code": null,
            "error_msg": "",
            "number_input_chars": 10427,
            "number_output_chars": 438,
            "number_total_chars": 10865,
            "number_input_tokens": 2585,
            "number_output_tokens": 100,
            "number_total_tokens": 2685,
            "ttft_s": 2.5308514200005447,
            "total_output_time_s": 2.7669596249997994,
            "end_to_end_latency_s": 5.297811045000344,
            "inter_token_latency_s": 0.027669596249997996,
            "request_input_throughput_chars_per_s": 4119.957385723479,
            "request_output_throughput_chars_per_s": 158.2964912254662,
            "request_input_throughput_tokens_per_s": 1021.3954006037397,
            "request_output_throughput_tokens_per_s": 36.14075142133932
        },
        {
            "error_code": null,
            "error_msg": "",
            "number_input_chars": 40782,
            "number_output_chars": 437,
            "number_total_chars": 41219,
            "number_input_tokens": 10048,
            "number_output_tokens": 100,
            "number_total_tokens": 10148,
            "ttft_s": 7.901903625999694,
            "total_output_time_s": 5.471270357000321,
            "end_to_end_latency_s": 13.373173983000015,
            "inter_token_latency_s": 0.05471270357000321,
            "request_input_throughput_chars_per_s": 5161.03485061684,
            "request_output_throughput_chars_per_s": 79.87176130692792,
            "request_input_throughput_tokens_per_s": 1271.5923245303813,
            "request_output_throughput_tokens_per_s": 18.277290916917146
        },
        {
            "error_code": null,
            "error_msg": "",
            "number_input_chars": 75201,
            "number_output_chars": 446,
            "number_total_chars": 75647,
            "number_input_tokens": 18519,
            "number_output_tokens": 100,
            "number_total_tokens": 18619,
            "ttft_s": 7.939504791999752,
            "total_output_time_s": 13.04346178600008,
            "end_to_end_latency_s": 20.982966577999832,
            "inter_token_latency_s": 0.1304346178600008,
            "request_input_throughput_chars_per_s": 9471.749431498089,
            "request_output_throughput_chars_per_s": 34.193376522075184,
            "request_input_throughput_tokens_per_s": 2332.5132341579647,
            "request_output_throughput_tokens_per_s": 7.666676350241073
        }
    ],
    "summary": {
        "version": "2023-08-31",
        "name": "ospatch/QwQ-32B-INT8-W8A8",
        "model": "ospatch/QwQ-32B-INT8-W8A8",
        "mean_input_tokens_list": [
            100,
            300,
            1000,
            3000,
            10000,
            30000
        ],
        "norm_stddev_input_tokens": 0.2,
        "mean_output_tokens": 100,
        "stddev_output_tokens": 0,
        "num_concurrent_requests": 1,
        "results_ttft_s_quantiles_p25": 0.850369286500154,
        "results_ttft_s_quantiles_p50": 1.840617687500071,
        "results_ttft_s_quantiles_p75": 6.5591405744999065,
        "results_ttft_s_quantiles_p90": 7.920704208999723,
        "results_ttft_s_quantiles_p95": 7.930104500499738,
        "results_ttft_s_quantiles_p99": 7.937624733699749,
        "results_ttft_s_mean": 3.4609454378332885,
        "results_ttft_s_min": 0.492664436999803,
        "results_ttft_s_max": 7.939504791999752,
        "results_ttft_s_stddev": 3.5253741487856045,
        "results_inter_token_latency_s_quantiles_p25": 0.027426556784996593,
        "results_inter_token_latency_s_quantiles_p50": 0.02759492017499724,
        "results_inter_token_latency_s_quantiles_p75": 0.047951926740001906,
        "results_inter_token_latency_s_quantiles_p90": 0.092573660715002,
        "results_inter_token_latency_s_quantiles_p95": 0.1115041392875014,
        "results_inter_token_latency_s_quantiles_p99": 0.12664852214550093,
        "results_inter_token_latency_s_mean": 0.04907084415499866,
        "results_inter_token_latency_s_min": 0.02669257546999688,
        "results_inter_token_latency_s_max": 0.1304346178600008,
        "results_inter_token_latency_s_stddev": 0.04133993456113748,
        "results_end_to_end_latency_s_quantiles_p25": 3.572333249249823,
        "results_end_to_end_latency_s_quantiles_p50": 4.558726273499815,
        "results_end_to_end_latency_s_quantiles_p75": 11.354333248500097,
        "results_end_to_end_latency_s_quantiles_p90": 17.178070280499924,
        "results_end_to_end_latency_s_quantiles_p95": 19.080518429249878,
        "results_end_to_end_latency_s_quantiles_p99": 20.602476948249844,
        "results_end_to_end_latency_s_mean": 8.368029853333155,
        "results_end_to_end_latency_s_min": 3.244688846999452,
        "results_end_to_end_latency_s_max": 20.982966577999832,
        "results_end_to_end_latency_s_stddev": 7.27113441003311,
        "results_request_input_throughput_tokens_per_s_quantiles_p25": 494.91491175789866,
        "results_request_input_throughput_tokens_per_s_quantiles_p50": 838.8490087057951,
        "results_request_input_throughput_tokens_per_s_quantiles_p75": 1209.043093548721,
        "results_request_input_throughput_tokens_per_s_quantiles_p90": 1802.052779344173,
        "results_request_input_throughput_tokens_per_s_quantiles_p95": 2067.283006751069,
        "results_request_input_throughput_tokens_per_s_quantiles_p99": 2279.467188676586,