{
    "individual_responses": [
        {
            "error_code": null,
            "error_msg": "",
            "ttft_s": 0.9395314439971116,
            "total_output_time_s": 2.723121984003228,
            "end_to_end_latency_s": 3.6626534280003398,
            "inter_token_latency_s": 0.006332841823263321,
            "number_input_chars": 369,
            "number_output_chars": 430,
            "number_total_chars": 799,
            "request_input_throughput_chars_per_s": 392.7489626426323,
            "request_output_throughput_chars_per_s": 157.90699150680803
        },
        {
            "error_code": null,
            "error_msg": "",
            "ttft_s": 0.70102987700011,
            "total_output_time_s": 2.7463448970011086,
            "end_to_end_latency_s": 3.4473747740012186,
            "inter_token_latency_s": 0.00602268617763401,
            "number_input_chars": 1014,
            "number_output_chars": 456,
            "number_total_chars": 1470,
            "request_input_throughput_chars_per_s": 1446.4433446676637,
            "request_output_throughput_chars_per_s": 166.03886878808723
        },
        {
            "error_code": null,
            "error_msg": "",
            "ttft_s": 1.1119170589990972,
            "total_output_time_s": 2.7477275370001735,
            "end_to_end_latency_s": 3.8596445959992707,
            "inter_token_latency_s": 0.00579689353797505,
            "number_input_chars": 2998,
            "number_output_chars": 474,
            "number_total_chars": 3472,
            "request_input_throughput_chars_per_s": 2696.2442708619637,
            "request_output_throughput_chars_per_s": 172.5061868825206
        }
    ],
    "summary": {
        "version": "2023-08-31",
        "name": "ospatch/QwQ-32B-INT8-W8A8",
        "model": "ospatch/QwQ-32B-INT8-W8A8",
        "list_mean_input_tokens": [
            100,
            300,
            1000
        ],
        "norm_stddev_input_tokens": 0.2,
        "mean_output_tokens": 100,
        "stddev_output_tokens": 0,
        "num_concurrent_requests": 1,
        "results_ttft_s_quantiles_p25": 0.8202806604986108,
        "results_ttft_s_quantiles_p50": 0.9395314439971116,
        "results_ttft_s_quantiles_p75": 1.0257242514981044,
        "results_ttft_s_quantiles_p90": 1.0774399359987001,
        "results_ttft_s_quantiles_p95": 1.0946784974988986,
        "results_ttft_s_quantiles_p99": 1.1084693466990574,
        "results_ttft_s_mean": 0.9174927933321063,
        "results_ttft_s_min": 0.70102987700011,
        "results_ttft_s_max": 1.1119170589990972,
        "results_ttft_s_stddev": 0.20632824739990843,
        "results_inter_token_latency_s_quantiles_p25": 0.00590978985780453,
        "results_inter_token_latency_s_quantiles_p50": 0.00602268617763401,
        "results_inter_token_latency_s_quantiles_p75": 0.006177764000448666,
        "results_inter_token_latency_s_quantiles_p90": 0.006270810694137458,
        "results_inter_token_latency_s_quantiles_p95": 0.00630182625870039,
        "results_inter_token_latency_s_quantiles_p99": 0.006326638710350735,
        "results_inter_token_latency_s_mean": 0.006050807179624127,
        "results_inter_token_latency_s_min": 0.00579689353797505,
        "results_inter_token_latency_s_max": 0.006332841823263321,
        "results_inter_token_latency_s_stddev": 0.0002690784907616281,
        "results_end_to_end_latency_s_quantiles_p25": 3.555014101000779,
        "results_end_to_end_latency_s_quantiles_p50": 3.6626534280003398,
        "results_end_to_end_latency_s_quantiles_p75": 3.7611490119998052,
        "results_end_to_end_latency_s_quantiles_p90": 3.8202463623994847,
        "results_end_to_end_latency_s_quantiles_p95": 3.8399454791993777,
        "results_end_to_end_latency_s_quantiles_p99": 3.855704772639292,
        "results_end_to_end_latency_s_mean": 3.6565575993336097,
        "results_end_to_end_latency_s_min": 3.4473747740012186,
        "results_end_to_end_latency_s_max": 3.8596445959992707,
        "results_end_to_end_latency_s_stddev": 0.20620249968884224,
        "results_request_input_throughput_chars_per_s_quantiles_p25": 919.596153655148,
        "results_request_input_throughput_chars_per_s_quantiles_p50": 1446.4433446676637,
        "results_request_input_throughput_chars_per_s_quantiles_p75": 2071.343807764814,
        "results_request_input_throughput_chars_per_s_quantiles_p90": 2446.2840856231037,
        "results_request_input_throughput_chars_per_s_quantiles_p95": 2571.2641782425335,
        "results_request_input_throughput_chars_per_s_quantiles_p99": 2671.2482523380777,
        "results_request_input_throughput_chars_per_s_mean": 1511.8121927240866,
        "results_request_input_throughput_chars_per_s_min": 392.7489626426323,
        "results_request_input_throughput_chars_per_s_max": 2696.2442708619637,
        "results_request_input_throughput_chars_per_s_stddev": 1153.1380981778748,
        "results_request_output_throughput_chars_per_s_quantiles_p25": 161.97293014744764,
        "results_request_output_throughput_chars_per_s_quantiles_p50": 166.03886878808723,
        "results_request_output_throughput_chars_per_s_quantiles_p75": 169.27252783530392,
        "results_request_output_throughput_chars_per_s_quantiles_p90": 171.21272326363393,
        "results_request_output_throughput_chars_per_s_quantiles_p95": 171.85945507307727,
        "results_request_output_throughput_chars_per_s_quantiles_p99": 172.37684052063193,
        "results_request_output_throughput_chars_per_s_mean": 165.4840157258053,
        "results_request_output_throughput_chars_per_s_min": 157.90699150680803,
        "results_request_output_throughput_chars_per_s_max": 172.5061868825206,
        "results_request_output_throughput_chars_per_s_stddev": 7.315396287631973,
        "results_number_input_chars_quantiles_p25": 691.5,
        "results_number_input_chars_quantiles_p50": 1014.0,
        "results_number_input_chars_quantiles_p75": 2006.0,
        "results_number_input_chars_quantiles_p90": 2601.2000000000003,
        "results_number_input_chars_quantiles_p95": 2799.6,
        "results_number_input_chars_quantiles_p99": 2958.32,
        "results_number_input_chars_mean": 1460.3333333333333,
        "results_number_input_chars_min": "369",
        "results_number_input_chars_max": "2998",
        "results_number_input_chars_stddev": 1370.1533977381266,
        "results_number_output_chars_quantiles_p25": 443.0,
        "results_number_output_chars_quantiles_p50": 456.0,
        "results_number_output_chars_quantiles_p75": 465.0,
        "results_number_output_chars_quantiles_p90": 470.4,
        "results_number_output_chars_quantiles_p95": 472.2,
        "results_number_output_chars_quantiles_p99": 473.64,
        "results_number_output_chars_mean": 453.3333333333333,
        "results_number_output_chars_min": "430",
        "results_number_output_chars_max": "474",
        "results_number_output_chars_stddev": 22.120880030716076,
        "results_num_requests_started": 3,
        "results_error_rate": 0.0,
        "results_number_errors": 0,
        "results_error_code_frequency": "{}",
        "results_num_completed_requests": 3,
        "results_num_completed_requests_per_min": 15.517168393773149,
        "timestamp": 1742176778
    }
}