{
    "individual_responses": [
        {
            "error_code": null,
            "error_msg": "",
            "number_input_chars": 415,
            "number_output_chars": 446,
            "number_total_chars": 861,
            "number_input_tokens": 115,
            "number_output_tokens": 100,
            "number_total_tokens": 215,
            "ttft_s": 0.6618523380002443,
            "total_output_time_s": 7.27855478399988,
            "end_to_end_latency_s": 7.940407122000124,
            "inter_token_latency_s": 0.0727855478399988,
            "request_input_throughput_chars_per_s": 627.0280788822216,
            "request_output_throughput_chars_per_s": 61.27590067473584,
            "request_input_throughput_tokens_per_s": 173.7547688468807,
            "request_output_throughput_tokens_per_s": 13.738991182676196
        },
        {
            "error_code": null,
            "error_msg": "",
            "number_input_chars": 1049,
            "number_output_chars": 447,
            "number_total_chars": 1496,
            "number_input_tokens": 273,
            "number_output_tokens": 100,
            "number_total_tokens": 373,
            "ttft_s": 0.5035585189998528,
            "total_output_time_s": 13.66997091300027,
            "end_to_end_latency_s": 14.173529432000123,
            "inter_token_latency_s": 0.1366997091300027,
            "request_input_throughput_chars_per_s": 2083.1739716835305,
            "request_output_throughput_chars_per_s": 32.699411201738464,
            "request_input_throughput_tokens_per_s": 542.1415579309855,
            "request_output_throughput_tokens_per_s": 7.315304519404578
        },
        {
            "error_code": null,
            "error_msg": "",
            "number_input_chars": 3478,
            "number_output_chars": 449,
            "number_total_chars": 3927,
            "number_input_tokens": 874,
            "number_output_tokens": 100,
            "number_total_tokens": 974,
            "ttft_s": 0.5798035960001471,
            "total_output_time_s": 37.726185003999944,
            "end_to_end_latency_s": 38.30598860000009,
            "inter_token_latency_s": 0.37726185003999946,
            "request_input_throughput_chars_per_s": 5998.5830098216875,
            "request_output_throughput_chars_per_s": 11.901547955415966,
            "request_input_throughput_tokens_per_s": 1507.4070013180433,
            "request_output_throughput_tokens_per_s": 2.650678831941195
        },
        {
            "error_code": null,
            "error_msg": "",
            "number_input_chars": 5792,
            "number_output_chars": 451,
            "number_total_chars": 6243,
            "number_input_tokens": 1441,
            "number_output_tokens": 100,
            "number_total_tokens": 1541,
            "ttft_s": 0.6710361919999741,
            "total_output_time_s": 61.4418203160003,
            "end_to_end_latency_s": 62.11285650800028,
            "inter_token_latency_s": 0.6144182031600031,
            "request_input_throughput_chars_per_s": 8631.427140669372,
            "request_output_throughput_chars_per_s": 7.340277317313682,
            "request_input_throughput_tokens_per_s": 2147.4251570622523,
            "request_output_throughput_tokens_per_s": 1.6275559461892866
        }
    ],
    "summary": {
        "version": "2023-08-31",
        "name": "QwQ-32B-INT8-W8A8 (4xA10G; EC2 g5.12xlarge; vLLM with --max_num_batched_tokens 1 --max_num_seqs 1",
        "model": "ospatch/QwQ-32B-INT8-W8A8",
        "list_mean_input_tokens": [
            100,
            300,
            1000,
            3000,
            10000,
            30000
        ],
        "norm_stddev_input_tokens": 0.2,
        "mean_output_tokens": 100,
        "stddev_output_tokens": 0,
        "num_concurrent_requests": 1,
        "results_ttft_s_quantiles_p25": 0.5607423267500735,
        "results_ttft_s_quantiles_p50": 0.6208279670001957,
        "results_ttft_s_quantiles_p75": 0.6641483015001768,
        "results_ttft_s_quantiles_p90": 0.6682810358000552,
        "results_ttft_s_quantiles_p95": 0.6696586139000147,
        "results_ttft_s_quantiles_p99": 0.6707606763799822,
        "results_ttft_s_mean": 0.6040626612500546,
        "results_ttft_s_min": 0.5035585189998528,
        "results_ttft_s_max": 0.6710361919999741,
        "results_ttft_s_stddev": 0.07855928847320749,
        "results_inter_token_latency_s_quantiles_p25": 0.12072116880750172,
        "results_inter_token_latency_s_quantiles_p50": 0.2569807795850011,
        "results_inter_token_latency_s_quantiles_p75": 0.43655093832000036,
        "results_inter_token_latency_s_quantiles_p90": 0.543271297224002,
        "results_inter_token_latency_s_quantiles_p95": 0.5788447501920024,
        "results_inter_token_latency_s_quantiles_p99": 0.6073035125664029,
        "results_inter_token_latency_s_mean": 0.300291327542501,
        "results_inter_token_latency_s_min": 0.0727855478399988,
        "results_inter_token_latency_s_max": 0.6144182031600031,
        "results_inter_token_latency_s_stddev": 0.24706359014878163,
        "results_end_to_end_latency_s_quantiles_p25": 12.615248854500123,
        "results_end_to_end_latency_s_quantiles_p50": 26.239759016000107,
        "results_end_to_end_latency_s_quantiles_p75": 44.25770557700014,
        "results_end_to_end_latency_s_quantiles_p90": 54.970796135600224,
        "results_end_to_end_latency_s_quantiles_p95": 58.541826321800244,
        "results_end_to_end_latency_s_quantiles_p99": 61.398650470760266,
        "results_end_to_end_latency_s_mean": 30.633195415500154,
        "results_end_to_end_latency_s_min": 7.940407122000124,
        "results_end_to_end_latency_s_max": 62.11285650800028,
        "results_end_to_end_latency_s_stddev": 24.73677466561863,
        "results_request_input_throughput_tokens_per_s_quantiles_p25": 450.04486065995934,
        "results_request_input_throughput_tokens_per_s_quantiles_p50": 1024.7742796245143,
        "results_request_input_throughput_tokens_per_s_quantiles_p75": 1667.4115402540956,
        "results_request_input_throughput_tokens_per_s_quantiles_p90": 1955.4197103389897,
        "results_request_input_throughput_tokens_per_s_quantiles_p95": 2051.422433700621,
        "results_request_input_throughput_tokens_per_s_quantiles_p99": 2128.224612389926,
        "results_request_input_throughput_tokens_per_s_mean": 1092.6821212895404,
        "results_request_input_throughput_tokens_per_s_min": 173.7547688468807,
        "results_request_input_throughput_tokens_per_s_max": 2147.4251570622523,
        "results_request_input_throughput_tokens_per_s_stddev": 900.3706623008333,
        "results_request_output_throughput_tokens_per_s_quantiles_p25": 2.394898110503218,
        "results_request_output_throughput_tokens_per_s_quantiles_p50": 4.982991675672887,
        "results_request_output_throughput_tokens_per_s_quantiles_p75": 8.921226185222483,
        "results_request_output_throughput_tokens_per_s_quantiles_p90": 11.811885183694713,
        "results_request_output_throughput_tokens_per_s_quantiles_p95": 12.775438183185452,
        "results_request_output_throughput_tokens_per_s_quantiles_p99": 13.546280582778046,
        "results_request_output_throughput_tokens_per_s_mean": 6.333132620052814,
        "results_request_output_throughput_tokens_per_s_min": 1.6275559461892866,
        "results_request_output_throughput_tokens_per_s_max": 13.738991182676196,
        "results_request_output_throughput_tokens_per_s_stddev": 5.523112661795112,
        "results_number_input_tokens_quantiles_p25": 233.5,
        "results_number_input_tokens_quantiles_p50": 573.5,
        "results_number_input_tokens_quantiles_p75": 1015.75,
        "results_number_input_tokens_quantiles_p90": 1270.9,
        "results_number_input_tokens_quantiles_p95": 1355.9499999999998,
        "results_number_input_tokens_quantiles_p99": 1423.9899999999998,