{
    "individual_responses": [
        {
            "error_code": null,
            "error_msg": "",
            "number_input_chars": 183,
            "number_output_chars": 391,
            "number_total_chars": 574,
            "number_input_tokens": 60,
            "number_output_tokens": 100,
            "number_total_tokens": 160,
            "ttft_s": 0.47559244799958833,
            "total_output_time_s": 2.752740721000009,
            "end_to_end_latency_s": 3.2283331689995975,
            "inter_token_latency_s": 0.02752740721000009,
            "request_input_throughput_chars_per_s": 384.78323356421004,
            "request_output_throughput_chars_per_s": 142.0402571942767,
            "request_input_throughput_tokens_per_s": 126.15843723416721,
            "request_output_throughput_tokens_per_s": 36.327431507487645
        },
        {
            "error_code": null,
            "error_msg": "",
            "number_input_chars": 868,
            "number_output_chars": 477,
            "number_total_chars": 1345,
            "number_input_tokens": 218,
            "number_output_tokens": 100,
            "number_total_tokens": 318,
            "ttft_s": 0.6413329219994921,
            "total_output_time_s": 2.7114033640000343,
            "end_to_end_latency_s": 3.3527362859995264,
            "inter_token_latency_s": 0.027114033640000344,
            "request_input_throughput_chars_per_s": 1353.431221484506,
            "request_output_throughput_chars_per_s": 175.92365869764922,
            "request_input_throughput_tokens_per_s": 339.9170579304404,
            "request_output_throughput_tokens_per_s": 36.881270167222056
        },
        {
            "error_code": null,
            "error_msg": "",
            "number_input_chars": 2520,
            "number_output_chars": 439,
            "number_total_chars": 2959,
            "number_input_tokens": 625,
            "number_output_tokens": 100,
            "number_total_tokens": 725,
            "ttft_s": 1.0840934289999495,
            "total_output_time_s": 2.6755481430000145,
            "end_to_end_latency_s": 3.759641571999964,
            "inter_token_latency_s": 0.026755481430000144,
            "request_input_throughput_chars_per_s": 2324.522898662563,
            "request_output_throughput_chars_per_s": 164.07852766490012,
            "request_input_throughput_tokens_per_s": 576.5185760571833,
            "request_output_throughput_tokens_per_s": 37.37551883027337
        },
        {
            "error_code": null,
            "error_msg": "",
            "number_input_chars": 12710,
            "number_output_chars": 490,
            "number_total_chars": 13200,
            "number_input_tokens": 3144,
            "number_output_tokens": 100,
            "number_total_tokens": 3244,
            "ttft_s": 3.3643724359999396,
            "total_output_time_s": 2.756225459000234,
            "end_to_end_latency_s": 6.120597895000174,
            "inter_token_latency_s": 0.02756225459000234,
            "request_input_throughput_chars_per_s": 3777.821939092901,
            "request_output_throughput_chars_per_s": 177.7793606832649,
            "request_input_throughput_tokens_per_s": 934.4982042885981,
            "request_output_throughput_tokens_per_s": 36.281502180258144
        },
        {
            "error_code": null,
            "error_msg": "",
            "number_input_chars": 23158,
            "number_output_chars": 437,
            "number_total_chars": 23595,
            "number_input_tokens": 5717,
            "number_output_tokens": 100,
            "number_total_tokens": 5817,
            "ttft_s": 5.333291775999896,
            "total_output_time_s": 2.812955045000308,
            "end_to_end_latency_s": 8.146246821000204,
            "inter_token_latency_s": 0.02812955045000308,
            "request_input_throughput_chars_per_s": 4342.15883410172,
            "request_output_throughput_chars_per_s": 155.35264268681271,
            "request_input_throughput_tokens_per_s": 1071.9458526021042,
            "request_output_throughput_tokens_per_s": 35.549803818492606
        },
        {
            "error_code": null,
            "error_msg": "",
            "number_input_chars": 89917,
            "number_output_chars": 465,
            "number_total_chars": 90382,
            "number_input_tokens": 22138,
            "number_output_tokens": 100,
            "number_total_tokens": 22238,
            "ttft_s": 7.822185983000054,
            "total_output_time_s": 16.60816478200013,
            "end_to_end_latency_s": 24.430350765000185,
            "inter_token_latency_s": 0.16608164782000132,
            "request_input_throughput_chars_per_s": 11495.124277972487,
            "request_output_throughput_chars_per_s": 27.998277118731703,
            "request_input_throughput_tokens_per_s": 2830.155157153318,
            "request_output_throughput_tokens_per_s": 6.021134864243377
        }
    ],
    "summary": {
        "version": "2023-08-31",
        "name": "ospatch/QwQ-32B-INT8-W8A8",
        "model": "ospatch/QwQ-32B-INT8-W8A8",
        "mean_input_tokens_list": [
            100,
            300,
            1000,
            3000,
            10000,
            30000
        ],
        "norm_stddev_input_tokens": 0.2,
        "mean_output_tokens": 100,
        "stddev_output_tokens": 0,
        "num_concurrent_requests": 1,
        "results_ttft_s_quantiles_p25": 0.7520230487496065,
        "results_ttft_s_quantiles_p50": 2.2242329324999446,
        "results_ttft_s_quantiles_p75": 4.841061940999907,
        "results_ttft_s_quantiles_p90": 6.577738879499975,
        "results_ttft_s_quantiles_p95": 7.199962431250015,
        "results_ttft_s_quantiles_p99": 7.697741272650046,
        "results_ttft_s_mean": 3.1201448323331533,
        "results_ttft_s_min": 0.47559244799958833,
        "results_ttft_s_max": 7.822185983000054,
        "results_ttft_s_stddev": 2.9782722715202063,
        "results_inter_token_latency_s_quantiles_p25": 0.02721737703250028,
        "results_inter_token_latency_s_quantiles_p50": 0.027544830900001215,
        "results_inter_token_latency_s_quantiles_p75": 0.027987726485002896,
        "results_inter_token_latency_s_quantiles_p90": 0.09710559913500219,
        "results_inter_token_latency_s_quantiles_p95": 0.13159362347750175,
        "results_inter_token_latency_s_quantiles_p99": 0.15918404295150143,
        "results_inter_token_latency_s_mean": 0.050528395856667886,
        "results_inter_token_latency_s_min": 0.026755481430000144,
        "results_inter_token_latency_s_max": 0.16608164782000132,
        "results_inter_token_latency_s_stddev": 0.05661119192634765,
        "results_end_to_end_latency_s_quantiles_p25": 3.454462607499636,
        "results_end_to_end_latency_s_quantiles_p50": 4.940119733500069,
        "results_end_to_end_latency_s_quantiles_p75": 7.639834589500197,
        "results_end_to_end_latency_s_quantiles_p90": 16.288298793000195,
        "results_end_to_end_latency_s_quantiles_p95": 20.35932477900019,
        "results_end_to_end_latency_s_quantiles_p99": 23.61614556780019,
        "results_end_to_end_latency_s_mean": 8.172984417999942,
        "results_end_to_end_latency_s_min": 3.2283331689995975,
        "results_end_to_end_latency_s_max": 24.430350765000185,
        "results_end_to_end_latency_s_stddev": 8.193618602108518,
        "results_request_input_throughput_tokens_per_s_quantiles_p25": 399.0674374621261,
        "results_request_input_throughput_tokens_per_s_quantiles_p50": 755.5083901728907,
        "results_request_input_throughput_tokens_per_s_quantiles_p75": 1037.5839405237277,
        "results_request_input_throughput_tokens_per_s_quantiles_p90": 1951.0505048777113,
        "results_request_input_throughput_tokens_per_s_quantiles_p95": 2390.6028310155148,
        "results_request_input_throughput_tokens_per_s_quantiles_p99": 2742.2446919257577,