{
    "individual_responses": [
        {
            "error_code": null,
            "error_msg": "",
            "ttft_s": 0.2713490679998358,
            "total_output_time_s": 2.919625435999478,
            "end_to_end_latency_s": 3.190974503999314,
            "inter_token_latency_s": 0.007035242014456574,
            "number_input_chars": 288,
            "number_output_chars": 415,
            "number_total_chars": 703,
            "request_input_throughput_chars_per_s": 1061.3635127730538,
            "request_output_throughput_chars_per_s": 142.14152092353334
        },
        {
            "error_code": null,
            "error_msg": "",
            "ttft_s": 0.29158591300074477,
            "total_output_time_s": 2.9957008069977746,
            "end_to_end_latency_s": 3.2872867199985194,
            "inter_token_latency_s": 0.007065332091975883,
            "number_input_chars": 1042,
            "number_output_chars": 424,
            "number_total_chars": 1466,
            "request_input_throughput_chars_per_s": 3573.5608393308717,
            "request_output_throughput_chars_per_s": 141.5361637616019
        },
        {
            "error_code": null,
            "error_msg": "",
            "ttft_s": 1.055333395001071,
            "total_output_time_s": 2.96029555199857,
            "end_to_end_latency_s": 4.015628946999641,
            "inter_token_latency_s": 0.006652349555052966,
            "number_input_chars": 3792,
            "number_output_chars": 445,
            "number_total_chars": 4237,
            "request_input_throughput_chars_per_s": 3593.1773010899096,
            "request_output_throughput_chars_per_s": 150.322828306643
        }
    ],
    "summary": {
        "version": "2023-08-31",
        "name": "Qwen/QwQ-32B-AWQ",
        "model": "Qwen/QwQ-32B-AWQ",
        "list_mean_input_tokens": [
            100,
            300,
            1000
        ],
        "norm_stddev_input_tokens": 0.2,
        "mean_output_tokens": 100,
        "stddev_output_tokens": 0,
        "num_concurrent_requests": 1,
        "results_ttft_s_quantiles_p25": 0.2814674905002903,
        "results_ttft_s_quantiles_p50": 0.29158591300074477,
        "results_ttft_s_quantiles_p75": 0.6734596540009079,
        "results_ttft_s_quantiles_p90": 0.9025838986010059,
        "results_ttft_s_quantiles_p95": 0.9789586468010384,
        "results_ttft_s_quantiles_p99": 1.0400584453610644,
        "results_ttft_s_mean": 0.5394227920005505,
        "results_ttft_s_min": 0.2713490679998358,
        "results_ttft_s_max": 1.055333395001071,
        "results_ttft_s_stddev": 0.44690624877055385,
        "results_inter_token_latency_s_quantiles_p25": 0.00684379578475477,
        "results_inter_token_latency_s_quantiles_p50": 0.007035242014456574,
        "results_inter_token_latency_s_quantiles_p75": 0.007050287053216229,
        "results_inter_token_latency_s_quantiles_p90": 0.007059314076472021,
        "results_inter_token_latency_s_quantiles_p95": 0.007062323084223952,
        "results_inter_token_latency_s_quantiles_p99": 0.007064730290425497,
        "results_inter_token_latency_s_mean": 0.006917641220495142,
        "results_inter_token_latency_s_min": 0.006652349555052966,
        "results_inter_token_latency_s_max": 0.007065332091975883,
        "results_inter_token_latency_s_stddev": 0.00023024140376155542,
        "results_end_to_end_latency_s_quantiles_p25": 3.2391306119989167,
        "results_end_to_end_latency_s_quantiles_p50": 3.2872867199985194,
        "results_end_to_end_latency_s_quantiles_p75": 3.65145783349908,
        "results_end_to_end_latency_s_quantiles_p90": 3.8699605015994165,
        "results_end_to_end_latency_s_quantiles_p95": 3.9427947242995285,
        "results_end_to_end_latency_s_quantiles_p99": 4.001062102459619,
        "results_end_to_end_latency_s_mean": 3.4979633903324916,
        "results_end_to_end_latency_s_min": 3.190974503999314,
        "results_end_to_end_latency_s_max": 4.015628946999641,
        "results_end_to_end_latency_s_stddev": 0.4508904879871627,
        "results_request_input_throughput_chars_per_s_quantiles_p25": 2317.4621760519626,
        "results_request_input_throughput_chars_per_s_quantiles_p50": 3573.5608393308717,
        "results_request_input_throughput_chars_per_s_quantiles_p75": 3583.3690702103904,
        "results_request_input_throughput_chars_per_s_quantiles_p90": 3589.254008738102,
        "results_request_input_throughput_chars_per_s_quantiles_p95": 3591.215654914006,
        "results_request_input_throughput_chars_per_s_quantiles_p99": 3592.784971854729,
        "results_request_input_throughput_chars_per_s_mean": 2742.700551064612,
        "results_request_input_throughput_chars_per_s_min": 1061.3635127730538,
        "results_request_input_throughput_chars_per_s_max": 3593.1773010899096,
        "results_request_input_throughput_chars_per_s_stddev": 1456.113621473701,
        "results_request_output_throughput_chars_per_s_quantiles_p25": 141.8388423425676,
        "results_request_output_throughput_chars_per_s_quantiles_p50": 142.14152092353334,
        "results_request_output_throughput_chars_per_s_quantiles_p75": 146.23217461508818,
        "results_request_output_throughput_chars_per_s_quantiles_p90": 148.68656683002106,
        "results_request_output_throughput_chars_per_s_quantiles_p95": 149.50469756833203,
        "results_request_output_throughput_chars_per_s_quantiles_p99": 150.1592021589808,
        "results_request_output_throughput_chars_per_s_mean": 144.6668376639261,
        "results_request_output_throughput_chars_per_s_min": 141.5361637616019,
        "results_request_output_throughput_chars_per_s_max": 150.322828306643,
        "results_request_output_throughput_chars_per_s_stddev": 4.907574445309157,
        "results_number_input_chars_quantiles_p25": 665.0,
        "results_number_input_chars_quantiles_p50": 1042.0,
        "results_number_input_chars_quantiles_p75": 2417.0,
        "results_number_input_chars_quantiles_p90": 3242.0,
        "results_number_input_chars_quantiles_p95": 3517.0,
        "results_number_input_chars_quantiles_p99": 3737.0,
        "results_number_input_chars_mean": 1707.3333333333333,
        "results_number_input_chars_min": "288",
        "results_number_input_chars_max": "3792",
        "results_number_input_chars_stddev": 1844.3170370989187,
        "results_number_output_chars_quantiles_p25": 419.5,
        "results_number_output_chars_quantiles_p50": 424.0,
        "results_number_output_chars_quantiles_p75": 434.5,
        "results_number_output_chars_quantiles_p90": 440.8,
        "results_number_output_chars_quantiles_p95": 442.9,
        "results_number_output_chars_quantiles_p99": 444.58,
        "results_number_output_chars_mean": 428.0,
        "results_number_output_chars_min": "415",
        "results_number_output_chars_max": "445",
        "results_number_output_chars_stddev": 15.394804318340652,
        "results_num_requests_started": 3,
        "results_error_rate": 0.0,
        "results_number_errors": 0,
        "results_error_code_frequency": "{}",
        "results_num_completed_requests": 3,
        "results_num_completed_requests_per_min": 16.222060478026155,
        "timestamp": 1742173655
    }
}