{
    "individual_responses": [
        {
            "error_code": null,
            "error_msg": "",
            "ttft_s": 0.2340873749999446,
            "total_output_time_s": 2.9955204200014123,
            "end_to_end_latency_s": 3.229607795001357,
            "inter_token_latency_s": 0.006792563310660799,
            "number_input_chars": 320,
            "number_output_chars": 441,
            "number_total_chars": 761,
            "request_input_throughput_chars_per_s": 1367.0109291459044,
            "request_output_throughput_chars_per_s": 147.21982766513474
        },
        {
            "error_code": null,
            "error_msg": "",
            "ttft_s": 0.5069014260006952,
            "total_output_time_s": 2.9643331929983106,
            "end_to_end_latency_s": 3.4712346189990058,
            "inter_token_latency_s": 0.0064442025934745885,
            "number_input_chars": 1153,
            "number_output_chars": 460,
            "number_total_chars": 1613,
            "request_input_throughput_chars_per_s": 2274.6039779308467,
            "request_output_throughput_chars_per_s": 155.17823741491335
        },
        {
            "error_code": null,
            "error_msg": "",
            "ttft_s": 0.8337738299997,
            "total_output_time_s": 3.0082173610026075,
            "end_to_end_latency_s": 3.8419911910023075,
            "inter_token_latency_s": 0.006744881975342169,
            "number_input_chars": 2826,
            "number_output_chars": 446,
            "number_total_chars": 3272,
            "request_input_throughput_chars_per_s": 3389.4083722932596,
            "request_output_throughput_chars_per_s": 148.26056314340028
        }
    ],
    "summary": {
        "version": "2023-08-31",
        "name": "Qwen/QwQ-32B-AWQ",
        "model": "Qwen/QwQ-32B-AWQ",
        "list_mean_input_tokens": [
            100,
            300,
            1000
        ],
        "norm_stddev_input_tokens": 0.2,
        "mean_output_tokens": 100,
        "stddev_output_tokens": 0,
        "num_concurrent_requests": 1,
        "results_ttft_s_quantiles_p25": 0.3704944005003199,
        "results_ttft_s_quantiles_p50": 0.5069014260006952,
        "results_ttft_s_quantiles_p75": 0.6703376280001976,
        "results_ttft_s_quantiles_p90": 0.768399349199899,
        "results_ttft_s_quantiles_p95": 0.8010865895997995,
        "results_ttft_s_quantiles_p99": 0.8272363819197198,
        "results_ttft_s_mean": 0.5249208770001133,
        "results_ttft_s_min": 0.2340873749999446,
        "results_ttft_s_max": 0.8337738299997,
        "results_ttft_s_stddev": 0.300249040861555,
        "results_inter_token_latency_s_quantiles_p25": 0.006594542284408379,
        "results_inter_token_latency_s_quantiles_p50": 0.006744881975342169,
        "results_inter_token_latency_s_quantiles_p75": 0.006768722643001484,
        "results_inter_token_latency_s_quantiles_p90": 0.006783027043597073,
        "results_inter_token_latency_s_quantiles_p95": 0.006787795177128936,
        "results_inter_token_latency_s_quantiles_p99": 0.006791609683954427,
        "results_inter_token_latency_s_mean": 0.006660549293159186,
        "results_inter_token_latency_s_min": 0.0064442025934745885,
        "results_inter_token_latency_s_max": 0.006792563310660799,
        "results_inter_token_latency_s_stddev": 0.0001888724391825203,
        "results_end_to_end_latency_s_quantiles_p25": 3.3504212070001813,
        "results_end_to_end_latency_s_quantiles_p50": 3.4712346189990058,
        "results_end_to_end_latency_s_quantiles_p75": 3.6566129050006566,
        "results_end_to_end_latency_s_quantiles_p90": 3.767839876601647,
        "results_end_to_end_latency_s_quantiles_p95": 3.804915533801977,
        "results_end_to_end_latency_s_quantiles_p99": 3.8345760595622416,
        "results_end_to_end_latency_s_mean": 3.5142778683342235,
        "results_end_to_end_latency_s_min": 3.229607795001357,
        "results_end_to_end_latency_s_max": 3.8419911910023075,
        "results_end_to_end_latency_s_stddev": 0.308452422440503,
        "results_request_input_throughput_chars_per_s_quantiles_p25": 1820.8074535383755,
        "results_request_input_throughput_chars_per_s_quantiles_p50": 2274.6039779308467,
        "results_request_input_throughput_chars_per_s_quantiles_p75": 2832.006175112053,
        "results_request_input_throughput_chars_per_s_quantiles_p90": 3166.447493420777,
        "results_request_input_throughput_chars_per_s_quantiles_p95": 3277.9279328570183,
        "results_request_input_throughput_chars_per_s_quantiles_p99": 3367.1122844060114,
        "results_request_input_throughput_chars_per_s_mean": 2343.67442645667,
        "results_request_input_throughput_chars_per_s_min": 1367.0109291459044,
        "results_request_input_throughput_chars_per_s_max": 3389.4083722932596,
        "results_request_input_throughput_chars_per_s_stddev": 1012.9663862423614,
        "results_request_output_throughput_chars_per_s_quantiles_p25": 147.74019540426752,
        "results_request_output_throughput_chars_per_s_quantiles_p50": 148.26056314340028,
        "results_request_output_throughput_chars_per_s_quantiles_p75": 151.71940027915682,
        "results_request_output_throughput_chars_per_s_quantiles_p90": 153.79470256061074,
        "results_request_output_throughput_chars_per_s_quantiles_p95": 154.48646998776204,
        "results_request_output_throughput_chars_per_s_quantiles_p99": 155.0398839294831,
        "results_request_output_throughput_chars_per_s_mean": 150.21954274114947,
        "results_request_output_throughput_chars_per_s_min": 147.21982766513474,
        "results_request_output_throughput_chars_per_s_max": 155.17823741491335,
        "results_request_output_throughput_chars_per_s_stddev": 4.325768398174014,
        "results_number_input_chars_quantiles_p25": 736.5,
        "results_number_input_chars_quantiles_p50": 1153.0,
        "results_number_input_chars_quantiles_p75": 1989.5,
        "results_number_input_chars_quantiles_p90": 2491.4,
        "results_number_input_chars_quantiles_p95": 2658.7,
        "results_number_input_chars_quantiles_p99": 2792.54,
        "results_number_input_chars_mean": 1433.0,
        "results_number_input_chars_min": "320",
        "results_number_input_chars_max": "2826",
        "results_number_input_chars_stddev": 1276.2480166488017,
        "results_number_output_chars_quantiles_p25": 443.5,
        "results_number_output_chars_quantiles_p50": 446.0,
        "results_number_output_chars_quantiles_p75": 453.0,
        "results_number_output_chars_quantiles_p90": 457.2,
        "results_number_output_chars_quantiles_p95": 458.6,
        "results_number_output_chars_quantiles_p99": 459.72,
        "results_number_output_chars_mean": 449.0,
        "results_number_output_chars_min": "441",
        "results_number_output_chars_max": "460",
        "results_number_output_chars_stddev": 9.848857801796104,
        "results_num_requests_started": 3,
        "results_error_rate": 0.0,
        "results_number_errors": 0,
        "results_error_code_frequency": "{}",
        "results_num_completed_requests": 3,
        "results_num_completed_requests_per_min": 16.14633960339787,
        "timestamp": 1742173739
    }
}