{
    "version": "2023-08-31",
    "name": "QwQ-32B_1000_100_summary",
    "model": "QwQ-32B",
    "mean_input_tokens": 1000,
    "stddev_input_tokens": 0,
    "mean_output_tokens": 100,
    "stddev_output_tokens": 0,
    "num_concurrent_requests": 1,
    "results_ttft_s_quantiles_p25": 1.1936718610522803,
    "results_ttft_s_quantiles_p50": 1.2275971045601182,
    "results_ttft_s_quantiles_p75": 1.274821715487633,
    "results_ttft_s_quantiles_p90": 1.303872847452294,
    "results_ttft_s_quantiles_p95": 1.3086463774263393,
    "results_ttft_s_quantiles_p99": 1.3225683371105696,
    "results_ttft_s_mean": 1.231897996965563,
    "results_ttft_s_min": 1.1535462379688397,
    "results_ttft_s_max": 1.3260488270316273,
    "results_ttft_s_stddev": 0.0547758051073839,
    "results_inter_token_latency_s_quantiles_p25": 0.009614183542832055,
    "results_inter_token_latency_s_quantiles_p50": 0.010002950357901677,
    "results_inter_token_latency_s_quantiles_p75": 0.010333553997283123,
    "results_inter_token_latency_s_quantiles_p90": 0.010523340968495528,
    "results_inter_token_latency_s_quantiles_p95": 0.0108857279429229,
    "results_inter_token_latency_s_quantiles_p99": 0.011005995541234088,
    "results_inter_token_latency_s_mean": 0.009979717916706685,
    "results_inter_token_latency_s_min": 0.008930741433948435,
    "results_inter_token_latency_s_max": 0.011036062440811886,
    "results_inter_token_latency_s_stddev": 0.0005213435332925458,
    "results_end_to_end_latency_s_quantiles_p25": 5.482082266738871,
    "results_end_to_end_latency_s_quantiles_p50": 5.5703143359860405,
    "results_end_to_end_latency_s_quantiles_p75": 5.673946909053484,
    "results_end_to_end_latency_s_quantiles_p90": 5.730079929693602,
    "results_end_to_end_latency_s_quantiles_p95": 5.743614663981134,
    "results_end_to_end_latency_s_quantiles_p99": 5.748945168062346,
    "results_end_to_end_latency_s_mean": 5.581556546076899,
    "results_end_to_end_latency_s_min": 5.395578998024575,
    "results_end_to_end_latency_s_max": 5.750277794082649,
    "results_end_to_end_latency_s_stddev": 0.10905972861187933,
    "results_request_input_throughput_chars_per_s_quantiles_p25": 2509.1228607706753,
    "results_request_input_throughput_chars_per_s_quantiles_p50": 2608.474546520373,
    "results_request_input_throughput_chars_per_s_quantiles_p75": 2688.187666395607,
    "results_request_input_throughput_chars_per_s_quantiles_p90": 2747.9548246755603,
    "results_request_input_throughput_chars_per_s_quantiles_p95": 2759.488951782596,
    "results_request_input_throughput_chars_per_s_quantiles_p99": 2769.754271345805,
    "results_request_input_throughput_chars_per_s_mean": 2601.098608569213,
    "results_request_input_throughput_chars_per_s_min": 2402.626460695185,
    "results_request_input_throughput_chars_per_s_max": 2772.320601236607,
    "results_request_input_throughput_chars_per_s_stddev": 113.09617133937209,
    "results_request_output_throughput_chars_per_s_quantiles_p25": 96.77213415635184,
    "results_request_output_throughput_chars_per_s_quantiles_p50": 99.97121517526224,
    "results_request_output_throughput_chars_per_s_quantiles_p75": 104.01320226735763,
    "results_request_output_throughput_chars_per_s_quantiles_p90": 105.76553589636023,
    "results_request_output_throughput_chars_per_s_quantiles_p95": 108.32466939862519,
    "results_request_output_throughput_chars_per_s_quantiles_p99": 111.2431627330383,
    "results_request_output_throughput_chars_per_s_mean": 100.46333044725722,
    "results_request_output_throughput_chars_per_s_min": 90.61202809998176,
    "results_request_output_throughput_chars_per_s_max": 111.97278606664159,
    "results_request_output_throughput_chars_per_s_stddev": 5.252945758543747,
    "results_number_input_chars_quantiles_p25": 3185.25,
    "results_number_input_chars_quantiles_p50": 3196.0,
    "results_number_input_chars_quantiles_p75": 3208.0,
    "results_number_input_chars_quantiles_p90": 3229.1,
    "results_number_input_chars_quantiles_p95": 3230.15,
    "results_number_input_chars_quantiles_p99": 3232.43,
    "results_number_input_chars_mean": 3198.45,
    "results_number_input_chars_min": "3172",
    "results_number_input_chars_max": "3233",
    "results_number_input_chars_stddev": 18.816216410320113,
    "results_number_output_chars_quantiles_p25": 428.0,
    "results_number_output_chars_quantiles_p50": 435.5,
    "results_number_output_chars_quantiles_p75": 445.5,
    "results_number_output_chars_quantiles_p90": 457.0,
    "results_number_output_chars_quantiles_p95": 458.0,
    "results_number_output_chars_quantiles_p99": 473.2,
    "results_number_output_chars_mean": 436.6,
    "results_number_output_chars_min": "404",
    "results_number_output_chars_max": "477",
    "results_number_output_chars_stddev": 16.75017674690723,
    "results_num_requests_started": 20,
    "results_error_rate": 0.0,
    "results_number_errors": 0,
    "results_error_code_frequency": "{}",
    "results_num_completed_requests": 20,
    "results_num_completed_requests_per_min": 10.683814559301412,
    "timestamp": 1741899144
}