{
    "individual_responses": [
        {
            "error_code": null,
            "error_msg": "",
            "number_input_chars": 191,
            "number_output_chars": 416,
            "number_total_chars": 607,
            "number_input_tokens": 59,
            "number_output_tokens": 100,
            "number_total_tokens": 159,
            "ttft_s": 0.1607116569939535,
            "total_output_time_s": 4.03194546099985,
            "end_to_end_latency_s": 4.192657117993804,
            "inter_token_latency_s": 0.0403194546099985,
            "request_input_throughput_chars_per_s": 1188.4638835326427,
            "request_output_throughput_chars_per_s": 103.1759987886442,
            "request_input_throughput_tokens_per_s": 367.11711585563313,
            "request_output_throughput_tokens_per_s": 24.801922785731776
        },
        {
            "error_code": null,
            "error_msg": "",
            "number_input_chars": 765,
            "number_output_chars": 460,
            "number_total_chars": 1225,
            "number_input_tokens": 204,
            "number_output_tokens": 100,
            "number_total_tokens": 304,
            "ttft_s": 0.2891647120122798,
            "total_output_time_s": 4.163132082001539,
            "end_to_end_latency_s": 4.452296794013819,
            "inter_token_latency_s": 0.04163132082001539,
            "request_input_throughput_chars_per_s": 2645.5510241080633,
            "request_output_throughput_chars_per_s": 110.49373186806086,
            "request_input_throughput_tokens_per_s": 705.4802730954835,
            "request_output_throughput_tokens_per_s": 24.02037649305671
        },
        {
            "error_code": null,
            "error_msg": "",
            "number_input_chars": 3088,
            "number_output_chars": 460,
            "number_total_chars": 3548,
            "number_input_tokens": 773,
            "number_output_tokens": 100,
            "number_total_tokens": 873,
            "ttft_s": 1.08863400600967,
            "total_output_time_s": 4.260833072010428,
            "end_to_end_latency_s": 5.349467078020098,
            "inter_token_latency_s": 0.042608330720104275,
            "request_input_throughput_chars_per_s": 2836.5823435177263,
            "request_output_throughput_chars_per_s": 107.96010832289048,
            "request_input_throughput_tokens_per_s": 710.0641682445603,
            "request_output_throughput_tokens_per_s": 23.469588765845756
        },
        {
            "error_code": null,
            "error_msg": "",
            "number_input_chars": 9140,
            "number_output_chars": 458,
            "number_total_chars": 9598,
            "number_input_tokens": 2264,
            "number_output_tokens": 100,
            "number_total_tokens": 2364,
            "ttft_s": 3.3732519680052064,
            "total_output_time_s": 4.4005466169910505,
            "end_to_end_latency_s": 7.773798584996257,
            "inter_token_latency_s": 0.0440054661699105,
            "request_input_throughput_chars_per_s": 2709.5515208147926,
            "request_output_throughput_chars_per_s": 104.07797936547378,
            "request_input_throughput_tokens_per_s": 671.1624336022638,
            "request_output_throughput_tokens_per_s": 22.724449643116547
        },
        {
            "error_code": null,
            "error_msg": "",
            "number_input_chars": 33057,
            "number_output_chars": 449,
            "number_total_chars": 33506,
            "number_input_tokens": 8147,
            "number_output_tokens": 100,
            "number_total_tokens": 8247,
            "ttft_s": 14.633455137984129,
            "total_output_time_s": 5.227879158017458,
            "end_to_end_latency_s": 19.861334296001587,
            "inter_token_latency_s": 0.05227879158017459,
            "request_input_throughput_chars_per_s": 2259.0016977052665,
            "request_output_throughput_chars_per_s": 85.88568833145561,
            "request_input_throughput_tokens_per_s": 556.7379626464835,
            "request_output_throughput_tokens_per_s": 19.128215664021294
        },
        {
            "error_code": null,
            "error_msg": "",
            "number_input_chars": 107729,
            "number_output_chars": 439,
            "number_total_chars": 108168,
            "number_input_tokens": 16524,
            "number_output_tokens": 100,
            "number_total_tokens": 16624,
            "ttft_s": 37.36931450301199,
            "total_output_time_s": 6.368314377992647,
            "end_to_end_latency_s": 43.73762888100464,
            "inter_token_latency_s": 0.06368314377992647,
            "request_input_throughput_chars_per_s": 2882.8198063766185,
            "request_output_throughput_chars_per_s": 68.93503899824383,
            "request_input_throughput_tokens_per_s": 442.1809770866456,
            "request_output_throughput_tokens_per_s": 15.702742368620463
        }
    ],
    "summary": {
        "version": "2023-08-31",
        "name": "QwQ on Thinkstation",
        "model": "QwQ on Thinkstation",
        "list_mean_input_tokens": [
            100,
            300,
            1000,
            3000,
            10000,
            30000
        ],
        "norm_stddev_input_tokens": 0.2,
        "mean_output_tokens": 100,
        "stddev_output_tokens": 0,
        "num_concurrent_requests": 1,
        "results_ttft_s_quantiles_p25": 0.4890320355116273,
        "results_ttft_s_quantiles_p50": 2.230942987007438,
        "results_ttft_s_quantiles_p75": 11.818404345489398,
        "results_ttft_s_quantiles_p90": 26.00138482049806,
        "results_ttft_s_quantiles_p95": 31.685349661755026,
        "results_ttft_s_quantiles_p99": 36.2325215347606,
        "results_ttft_s_mean": 9.485755330669539,
        "results_ttft_s_min": 0.1607116569939535,
        "results_ttft_s_max": 37.36931450301199,
        "results_ttft_s_stddev": 14.72005263473281,
        "results_inter_token_latency_s_quantiles_p25": 0.04187557329503761,
        "results_inter_token_latency_s_quantiles_p50": 0.04330689844500739,
        "results_inter_token_latency_s_quantiles_p75": 0.05021046022760857,
        "results_inter_token_latency_s_quantiles_p90": 0.057980967680050524,
        "results_inter_token_latency_s_quantiles_p95": 0.060832055729988496,
        "results_inter_token_latency_s_quantiles_p99": 0.06311292616993888,
        "results_inter_token_latency_s_mean": 0.04742108461335495,
        "results_inter_token_latency_s_min": 0.0403194546099985,
        "results_inter_token_latency_s_max": 0.06368314377992647,
        "results_inter_token_latency_s_stddev": 0.009020370814861177,
        "results_end_to_end_latency_s_quantiles_p25": 4.6765893650153885,
        "results_end_to_end_latency_s_quantiles_p50": 6.561632831508177,
        "results_end_to_end_latency_s_quantiles_p75": 16.839450368250255,
        "results_end_to_end_latency_s_quantiles_p90": 31.799481588503113,
        "results_end_to_end_latency_s_quantiles_p95": 37.768555234753876,
        "results_end_to_end_latency_s_quantiles_p99": 42.54381415175449,
        "results_end_to_end_latency_s_mean": 14.227863792005033,
        "results_end_to_end_latency_s_min": 4.192657117993804,
        "results_end_to_end_latency_s_max": 43.73762888100464,
        "results_end_to_end_latency_s_stddev": 15.61608270058079,
        "results_request_input_throughput_tokens_per_s_quantiles_p25": 470.82022347660507,
        "results_request_input_throughput_tokens_per_s_quantiles_p50": 613.9501981243736,
        "results_request_input_throughput_tokens_per_s_quantiles_p75": 696.9008132221786,
        "results_request_input_throughput_tokens_per_s_quantiles_p90": 707.7722206700219,
        "results_request_input_throughput_tokens_per_s_quantiles_p95": 708.9181944572911,
        "results_request_input_throughput_tokens_per_s_quantiles_p99": 709.8349734871065,