{
    "version": "2023-08-31",
    "name": "QwQ-32B_10000_100_summary",
    "model": "QwQ-32B",
    "mean_input_tokens": 10000,
    "stddev_input_tokens": 0,
    "mean_output_tokens": 100,
    "stddev_output_tokens": 0,
    "num_concurrent_requests": 1,
    "results_ttft_s_quantiles_p25": 14.626491671253461,
    "results_ttft_s_quantiles_p50": 14.662375557993073,
    "results_ttft_s_quantiles_p75": 14.701307577517582,
    "results_ttft_s_quantiles_p90": 14.718125313904602,
    "results_ttft_s_quantiles_p95": 14.722836137964624,
    "results_ttft_s_quantiles_p99": 14.724368282823125,
    "results_ttft_s_mean": 14.623584863048745,
    "results_ttft_s_min": 14.17444005003199,
    "results_ttft_s_max": 14.72475131903775,
    "results_ttft_s_stddev": 0.13743395179971474,
    "results_inter_token_latency_s_quantiles_p25": 0.011483667180224937,
    "results_inter_token_latency_s_quantiles_p50": 0.011877765597547395,
    "results_inter_token_latency_s_quantiles_p75": 0.012083706360003815,
    "results_inter_token_latency_s_quantiles_p90": 0.012272019553616068,
    "results_inter_token_latency_s_quantiles_p95": 0.012303355942328321,
    "results_inter_token_latency_s_quantiles_p99": 0.012397832570206333,
    "results_inter_token_latency_s_mean": 0.011799763986421248,
    "results_inter_token_latency_s_min": 0.011159653322076088,
    "results_inter_token_latency_s_max": 0.012421451727175837,
    "results_inter_token_latency_s_stddev": 0.0003800962299818581,
    "results_end_to_end_latency_s_quantiles_p25": 19.998576877464075,
    "results_end_to_end_latency_s_quantiles_p50": 20.04136072099209,
    "results_end_to_end_latency_s_quantiles_p75": 20.05886978225317,
    "results_end_to_end_latency_s_quantiles_p90": 20.067193844204304,
    "results_end_to_end_latency_s_quantiles_p95": 20.07072952843737,
    "results_end_to_end_latency_s_quantiles_p99": 20.08005402085837,
    "results_end_to_end_latency_s_mean": 19.976572723989374,
    "results_end_to_end_latency_s_min": 19.36556449101772,
    "results_end_to_end_latency_s_max": 20.08238514396362,
    "results_end_to_end_latency_s_stddev": 0.1751087415528208,
    "results_request_input_throughput_chars_per_s_quantiles_p25": 2175.076677746298,
    "results_request_input_throughput_chars_per_s_quantiles_p50": 2182.183960625898,
    "results_request_input_throughput_chars_per_s_quantiles_p75": 2187.2165922728545,
    "results_request_input_throughput_chars_per_s_quantiles_p90": 2209.4562306024627,
    "results_request_input_throughput_chars_per_s_quantiles_p95": 2229.6081460497808,
    "results_request_input_throughput_chars_per_s_quantiles_p99": 2251.6508086100434,
    "results_request_input_throughput_chars_per_s_mean": 2188.265687526379,
    "results_request_input_throughput_chars_per_s_min": 2172.897852435221,
    "results_request_input_throughput_chars_per_s_max": 2257.161474250109,
    "results_request_input_throughput_chars_per_s_stddev": 21.014180318482797,
    "results_request_output_throughput_chars_per_s_quantiles_p25": 82.75629181762531,
    "results_request_output_throughput_chars_per_s_quantiles_p50": 84.1912228829905,
    "results_request_output_throughput_chars_per_s_quantiles_p75": 87.08073724498935,
    "results_request_output_throughput_chars_per_s_quantiles_p90": 88.20957625660067,
    "results_request_output_throughput_chars_per_s_quantiles_p95": 89.20993508721281,
    "results_request_output_throughput_chars_per_s_quantiles_p99": 89.52880173393878,
    "results_request_output_throughput_chars_per_s_mean": 84.83141847629322,
    "results_request_output_throughput_chars_per_s_min": 80.50588787558422,
    "results_request_output_throughput_chars_per_s_max": 89.60851839562027,
    "results_request_output_throughput_chars_per_s_stddev": 2.7447644468998806,
    "results_number_input_chars_quantiles_p25": 31985.75,
    "results_number_input_chars_quantiles_p50": 31993.5,
    "results_number_input_chars_quantiles_p75": 32006.0,
    "results_number_input_chars_quantiles_p90": 32027.1,
    "results_number_input_chars_quantiles_p95": 32028.05,
    "results_number_input_chars_quantiles_p99": 32028.81,
    "results_number_input_chars_mean": 31997.55,
    "results_number_input_chars_min": "31970",
    "results_number_input_chars_max": "32029",
    "results_number_input_chars_stddev": 18.016001659343665,
    "results_number_output_chars_quantiles_p25": 444.0,
    "results_number_output_chars_quantiles_p50": 452.5,
    "results_number_output_chars_quantiles_p75": 465.25,
    "results_number_output_chars_quantiles_p90": 469.5,
    "results_number_output_chars_quantiles_p95": 474.35,
    "results_number_output_chars_quantiles_p99": 479.67,
    "results_number_output_chars_mean": 454.05,
    "results_number_output_chars_min": "429",
    "results_number_output_chars_max": "481",
    "results_number_output_chars_stddev": 13.651585602913832,
    "results_num_requests_started": 20,
    "results_error_rate": 0.0,
    "results_number_errors": 0,
    "results_error_code_frequency": "{}",
    "results_num_completed_requests": 20,
    "results_num_completed_requests_per_min": 2.998940211379123,
    "timestamp": 1741899601
}