{
    "individual_responses": [
        {
            "error_code": null,
            "error_msg": "",
            "number_input_chars": 150,
            "number_output_chars": 410,
            "number_total_chars": 560,
            "number_input_tokens": 49,
            "number_output_tokens": 100,
            "number_total_tokens": 149,
            "ttft_s": 0.11273442499805242,
            "total_output_time_s": 4.119377202005126,
            "end_to_end_latency_s": 4.232111627003178,
            "inter_token_latency_s": 0.041193772020051256,
            "request_input_throughput_chars_per_s": 1330.5607404534273,
            "request_output_throughput_chars_per_s": 99.5296084564508,
            "request_input_throughput_tokens_per_s": 434.64984188145297,
            "request_output_throughput_tokens_per_s": 24.275514257670928
        },
        {
            "error_code": null,
            "error_msg": "",
            "number_input_chars": 1132,
            "number_output_chars": 437,
            "number_total_chars": 1569,
            "number_input_tokens": 298,
            "number_output_tokens": 100,
            "number_total_tokens": 398,
            "ttft_s": 0.5267931630078238,
            "total_output_time_s": 4.135189307999099,
            "end_to_end_latency_s": 4.661982471006922,
            "inter_token_latency_s": 0.04135189307999099,
            "request_input_throughput_chars_per_s": 2148.8509712932396,
            "request_output_throughput_chars_per_s": 105.67835410936772,
            "request_input_throughput_tokens_per_s": 565.6869164711885,
            "request_output_throughput_tokens_per_s": 24.1826897275441
        },
        {
            "error_code": null,
            "error_msg": "",
            "number_input_chars": 2815,
            "number_output_chars": 462,
            "number_total_chars": 3277,
            "number_input_tokens": 711,
            "number_output_tokens": 100,
            "number_total_tokens": 811,
            "ttft_s": 1.0859001479984727,
            "total_output_time_s": 4.18722260298091,
            "end_to_end_latency_s": 5.2731227509793825,
            "inter_token_latency_s": 0.0418722260298091,
            "request_input_throughput_chars_per_s": 2592.3193814722267,
            "request_output_throughput_chars_per_s": 110.33566729198952,
            "request_input_throughput_tokens_per_s": 654.7563340059513,
            "request_output_throughput_tokens_per_s": 23.8821790675302
        }
    ],
    "summary": {
        "version": "2023-08-31",
        "name": "QwQ-32B on Thinkstation",
        "model": "QwQ-32B on Thinkstation",
        "list_mean_input_tokens": [
            100,
            300,
            1000
        ],
        "norm_stddev_input_tokens": 0.2,
        "mean_output_tokens": 100,
        "stddev_output_tokens": 0,
        "num_concurrent_requests": 1,
        "results_ttft_s_quantiles_p25": 0.3197637940029381,
        "results_ttft_s_quantiles_p50": 0.5267931630078238,
        "results_ttft_s_quantiles_p75": 0.8063466555031482,
        "results_ttft_s_quantiles_p90": 0.9740787510003429,
        "results_ttft_s_quantiles_p95": 1.0299894494994077,
        "results_ttft_s_quantiles_p99": 1.0747180082986596,
        "results_ttft_s_mean": 0.5751425786681162,
        "results_ttft_s_min": 0.11273442499805242,
        "results_ttft_s_max": 1.0859001479984727,
        "results_ttft_s_stddev": 0.48838113252023924,
        "results_inter_token_latency_s_quantiles_p25": 0.04127283255002112,
        "results_inter_token_latency_s_quantiles_p50": 0.04135189307999099,
        "results_inter_token_latency_s_quantiles_p75": 0.04161205955490004,
        "results_inter_token_latency_s_quantiles_p90": 0.04176815943984548,
        "results_inter_token_latency_s_quantiles_p95": 0.04182019273482729,
        "results_inter_token_latency_s_quantiles_p99": 0.041861819370812736,
        "results_inter_token_latency_s_mean": 0.041472630376617116,
        "results_inter_token_latency_s_min": 0.041193772020051256,
        "results_inter_token_latency_s_max": 0.0418722260298091,
        "results_inter_token_latency_s_stddev": 0.00035497617094188533,
        "results_end_to_end_latency_s_quantiles_p25": 4.44704704900505,
        "results_end_to_end_latency_s_quantiles_p50": 4.661982471006922,
        "results_end_to_end_latency_s_quantiles_p75": 4.9675526109931525,
        "results_end_to_end_latency_s_quantiles_p90": 5.15089469498489,
        "results_end_to_end_latency_s_quantiles_p95": 5.212008722982136,
        "results_end_to_end_latency_s_quantiles_p99": 5.260899945379934,
        "results_end_to_end_latency_s_mean": 4.722405616329827,
        "results_end_to_end_latency_s_min": 4.232111627003178,
        "results_end_to_end_latency_s_max": 5.2731227509793825,
        "results_end_to_end_latency_s_stddev": 0.5231292932235634,
        "results_request_input_throughput_tokens_per_s_quantiles_p25": 500.16837917632074,
        "results_request_input_throughput_tokens_per_s_quantiles_p50": 565.6869164711885,
        "results_request_input_throughput_tokens_per_s_quantiles_p75": 610.2216252385699,
        "results_request_input_throughput_tokens_per_s_quantiles_p90": 636.9424504989987,
        "results_request_input_throughput_tokens_per_s_quantiles_p95": 645.849392252475,
        "results_request_input_throughput_tokens_per_s_quantiles_p99": 652.9749456552561,
        "results_request_input_throughput_tokens_per_s_mean": 551.6976974528643,
        "results_request_input_throughput_tokens_per_s_min": 434.64984188145297,
        "results_request_input_throughput_tokens_per_s_max": 654.7563340059513,
        "results_request_input_throughput_tokens_per_s_stddev": 110.71806833301846,
        "results_request_output_throughput_tokens_per_s_quantiles_p25": 24.032434397537152,
        "results_request_output_throughput_tokens_per_s_quantiles_p50": 24.1826897275441,
        "results_request_output_throughput_tokens_per_s_quantiles_p75": 24.229101992607514,
        "results_request_output_throughput_tokens_per_s_quantiles_p90": 24.256949351645563,
        "results_request_output_throughput_tokens_per_s_quantiles_p95": 24.266231804658243,
        "results_request_output_throughput_tokens_per_s_quantiles_p99": 24.27365776706839,
        "results_request_output_throughput_tokens_per_s_mean": 24.11346101758174,
        "results_request_output_throughput_tokens_per_s_min": 23.8821790675302,
        "results_request_output_throughput_tokens_per_s_max": 24.275514257670928,
        "results_request_output_throughput_tokens_per_s_stddev": 0.2056030244501526,
        "results_number_input_tokens_quantiles_p25": 173.5,
        "results_number_input_tokens_quantiles_p50": 298.0,
        "results_number_input_tokens_quantiles_p75": 504.5,
        "results_number_input_tokens_quantiles_p90": 628.4,
        "results_number_input_tokens_quantiles_p95": 669.6999999999999,
        "results_number_input_tokens_quantiles_p99": 702.74,
        "results_number_input_tokens_mean": 352.6666666666667,
        "results_number_input_tokens_min": "49",
        "results_number_input_tokens_max": "711",
        "results_number_input_tokens_stddev": 334.3685591279978,
        "results_number_output_tokens_quantiles_p25": 100.0,
        "results_number_output_tokens_quantiles_p50": 100.0,
        "results_number_output_tokens_quantiles_p75": 100.0,
        "results_number_output_tokens_quantiles_p90": 100.0,
        "results_number_output_tokens_quantiles_p95": 100.0,
        "results_number_output_tokens_quantiles_p99": 100.0,
        "results_number_output_tokens_mean": 100.0,
        "results_number_output_tokens_min": "100",
        "results_number_output_tokens_max": "100",
        "results_number_output_tokens_stddev": 0.0,
        "results_num_requests_started": 3,
        "results_error_rate": 0.0,
        "results_number_errors": 0,
        "results_error_code_frequency": "{}",
        "results_num_completed_requests": 3,