{
    "version": "2023-08-31",
    "name": "QwQ-32B_10000_1000_summary",
    "model": "QwQ-32B",
    "mean_input_tokens": 10000,
    "stddev_input_tokens": 0,
    "mean_output_tokens": 1000,
    "stddev_output_tokens": 0,
    "num_concurrent_requests": 1,
    "results_ttft_s_quantiles_p25": 14.632296445721295,
    "results_ttft_s_quantiles_p50": 14.650378984981216,
    "results_ttft_s_quantiles_p75": 42.65603816093062,
    "results_ttft_s_quantiles_p90": 60.381535377469845,
    "results_ttft_s_quantiles_p95": 64.5774359482457,
    "results_ttft_s_quantiles_p99": 67.93415640486637,
    "results_ttft_s_mean": 29.88365525948272,
    "results_ttft_s_min": 14.61031024903059,
    "results_ttft_s_max": 68.77333651902154,
    "results_ttft_s_stddev": 24.212426164644484,
    "results_inter_token_latency_s_quantiles_p25": 0.047961196445282704,
    "results_inter_token_latency_s_quantiles_p50": 0.04852870002285578,
    "results_inter_token_latency_s_quantiles_p75": 0.05034478057566824,
    "results_inter_token_latency_s_quantiles_p90": 0.051260839830904736,
    "results_inter_token_latency_s_quantiles_p95": 0.05147288728013898,
    "results_inter_token_latency_s_quantiles_p99": 0.05164252523952638,
    "results_inter_token_latency_s_mean": 0.04905178627942861,
    "results_inter_token_latency_s_min": 0.04684621355545615,
    "results_inter_token_latency_s_max": 0.05168493472937323,
    "results_inter_token_latency_s_stddev": 0.0018505778938125005,
    "results_end_to_end_latency_s_quantiles_p25": 69.57862049376126,
    "results_end_to_end_latency_s_quantiles_p50": 69.69124733452918,
    "results_end_to_end_latency_s_quantiles_p75": 97.70174068849883,
    "results_end_to_end_latency_s_quantiles_p90": 115.41035970352823,
    "results_end_to_end_latency_s_quantiles_p95": 119.60503177679493,
    "results_end_to_end_latency_s_quantiles_p99": 122.9607694354083,
    "results_end_to_end_latency_s_mean": 84.87932017918986,
    "results_end_to_end_latency_s_min": 69.5140725360252,
    "results_end_to_end_latency_s_max": 123.79970385006163,
    "results_end_to_end_latency_s_stddev": 24.237268190557327,
    "results_request_input_throughput_token_per_s_quantiles_p25": 314.8500736871387,
    "results_request_input_throughput_token_per_s_quantiles_p50": 682.5762653447741,
    "results_request_input_throughput_token_per_s_quantiles_p75": 683.4199182353507,
    "results_request_input_throughput_token_per_s_quantiles_p90": 684.0391548428024,
    "results_request_input_throughput_token_per_s_quantiles_p95": 684.2436585514891,
    "results_request_input_throughput_token_per_s_quantiles_p99": 684.4072615184385,
    "results_request_input_throughput_token_per_s_mean": 511.8302823933548,
    "results_request_input_throughput_token_per_s_min": 145.4051890769349,
    "results_request_input_throughput_token_per_s_max": 684.4481622601759,
    "results_request_input_throughput_token_per_s_stddev": 266.0670471866021,
    "results_request_output_throughput_token_per_s_quantiles_p25": 19.868837535794494,
    "results_request_output_throughput_token_per_s_quantiles_p50": 20.607375479214067,
    "results_request_output_throughput_token_per_s_quantiles_p75": 20.8503444132254,
    "results_request_output_throughput_token_per_s_quantiles_p90": 21.114811860847862,
    "results_request_output_throughput_token_per_s_quantiles_p95": 21.230627137685524,
    "results_request_output_throughput_token_per_s_quantiles_p99": 21.32327935915565,
    "results_request_output_throughput_token_per_s_mean": 20.41053056427805,
    "results_request_output_throughput_token_per_s_min": 19.34799773349983,
    "results_request_output_throughput_token_per_s_max": 21.34644241452318,
    "results_request_output_throughput_token_per_s_stddev": 0.7608840939480699,
    "results_number_input_tokens_quantiles_p25": 10000.0,
    "results_number_input_tokens_quantiles_p50": 10000.0,
    "results_number_input_tokens_quantiles_p75": 10000.0,
    "results_number_input_tokens_quantiles_p90": 10000.0,
    "results_number_input_tokens_quantiles_p95": 10000.0,
    "results_number_input_tokens_quantiles_p99": 10000.0,
    "results_number_input_tokens_mean": 10000.0,
    "results_number_input_tokens_min": "10000",
    "results_number_input_tokens_max": "10000",
    "results_number_input_tokens_stddev": 0.0,
    "results_number_output_tokens_quantiles_p25": 1091.5,
    "results_number_output_tokens_quantiles_p50": 1134.0,
    "results_number_output_tokens_quantiles_p75": 1148.75,
    "results_number_output_tokens_quantiles_p90": 1161.5,
    "results_number_output_tokens_quantiles_p95": 1166.75,
    "results_number_output_tokens_quantiles_p99": 1170.95,
    "results_number_output_tokens_mean": 1122.5,
    "results_number_output_tokens_min": "1064",
    "results_number_output_tokens_max": "1172",
    "results_number_output_tokens_stddev": 42.15091932568019,
    "results_num_requests_started": 6,
    "results_error_rate": 0.0,
    "results_number_errors": 0,
    "results_error_code_frequency": "{}",
    "results_mean_output_throughput_token_per_s": 9.760611224161126,
    "results_num_completed_requests": 6,
    "results_num_completed_requests_per_min": 0.5217253215587239,
    "timestamp": 1741838679
}