{
    "version": "2023-08-31",
    "name": "QwQ-32B_100_100_summary",
    "model": "QwQ-32B",
    "mean_input_tokens": 100,
    "stddev_input_tokens": 0,
    "mean_output_tokens": 100,
    "stddev_output_tokens": 0,
    "num_concurrent_requests": 1,
    "results_ttft_s_quantiles_p25": 0.16453045918024145,
    "results_ttft_s_quantiles_p50": 0.18329574703238904,
    "results_ttft_s_quantiles_p75": 0.21628915125620551,
    "results_ttft_s_quantiles_p90": 0.23801705384394153,
    "results_ttft_s_quantiles_p95": 0.24196667483774947,
    "results_ttft_s_quantiles_p99": 0.26744579417398195,
    "results_ttft_s_mean": 0.1891785059880931,
    "results_ttft_s_min": 0.13146710710134357,
    "results_ttft_s_max": 0.27381557400804013,
    "results_ttft_s_stddev": 0.039866982619689205,
    "results_inter_token_latency_s_quantiles_p25": 0.00938169154170014,
    "results_inter_token_latency_s_quantiles_p50": 0.009624281125996328,
    "results_inter_token_latency_s_quantiles_p75": 0.00992456942936886,
    "results_inter_token_latency_s_quantiles_p90": 0.010254707471852387,
    "results_inter_token_latency_s_quantiles_p95": 0.010289878497176688,
    "results_inter_token_latency_s_quantiles_p99": 0.010516102979434071,
    "results_inter_token_latency_s_mean": 0.009677022340787125,
    "results_inter_token_latency_s_min": 0.008902872731384915,
    "results_inter_token_latency_s_max": 0.010572659099998417,
    "results_inter_token_latency_s_stddev": 0.00042883593349583925,
    "results_end_to_end_latency_s_quantiles_p25": 4.305848357005743,
    "results_end_to_end_latency_s_quantiles_p50": 4.373678217991255,
    "results_end_to_end_latency_s_quantiles_p75": 4.439015563024441,
    "results_end_to_end_latency_s_quantiles_p90": 4.46133377677761,
    "results_end_to_end_latency_s_quantiles_p95": 4.465946516953409,
    "results_end_to_end_latency_s_quantiles_p99": 4.471111657842994,
    "results_end_to_end_latency_s_mean": 4.3693926523556,
    "results_end_to_end_latency_s_min": 4.250015982077457,
    "results_end_to_end_latency_s_max": 4.47240294306539,
    "results_end_to_end_latency_s_stddev": 0.07466492246222983,
    "results_request_input_throughput_chars_per_s_quantiles_p25": 1453.5739015116637,
    "results_request_input_throughput_chars_per_s_quantiles_p50": 1718.5815746543394,
    "results_request_input_throughput_chars_per_s_quantiles_p75": 1898.0726033077342,
    "results_request_input_throughput_chars_per_s_quantiles_p90": 2332.5647184574896,
    "results_request_input_throughput_chars_per_s_quantiles_p95": 2358.7291977015047,
    "results_request_input_throughput_chars_per_s_quantiles_p99": 2369.7480883027165,
    "results_request_input_throughput_chars_per_s_mean": 1740.8262970675248,
    "results_request_input_throughput_chars_per_s_min": 1139.453083084451,
    "results_request_input_throughput_chars_per_s_max": 2372.5028109530194,
    "results_request_input_throughput_chars_per_s_stddev": 353.2105154138049,
    "results_request_output_throughput_chars_per_s_quantiles_p25": 100.76182902072331,
    "results_request_output_throughput_chars_per_s_quantiles_p50": 103.90525138845715,
    "results_request_output_throughput_chars_per_s_quantiles_p75": 106.59147558948797,
    "results_request_output_throughput_chars_per_s_quantiles_p90": 107.85407899363793,
    "results_request_output_throughput_chars_per_s_quantiles_p95": 110.77740914696604,
    "results_request_output_throughput_chars_per_s_quantiles_p99": 112.01411781548278,
    "results_request_output_throughput_chars_per_s_mean": 103.52925209206812,
    "results_request_output_throughput_chars_per_s_min": 94.58358493750636,
    "results_request_output_throughput_chars_per_s_max": 112.32329498261196,
    "results_request_output_throughput_chars_per_s_stddev": 4.559212756963169,
    "results_number_input_chars_quantiles_p25": 310.75,
    "results_number_input_chars_quantiles_p50": 319.0,
    "results_number_input_chars_quantiles_p75": 321.75,
    "results_number_input_chars_quantiles_p90": 326.3,
    "results_number_input_chars_quantiles_p95": 329.1,
    "results_number_input_chars_quantiles_p99": 330.62,
    "results_number_input_chars_mean": 316.4,
    "results_number_input_chars_min": "286",
    "results_number_input_chars_max": "331",
    "results_number_input_chars_stddev": 9.975760095034575,
    "results_number_output_chars_quantiles_p25": 421.75,
    "results_number_output_chars_quantiles_p50": 429.5,
    "results_number_output_chars_quantiles_p75": 443.5,
    "results_number_output_chars_quantiles_p90": 452.2,
    "results_number_output_chars_quantiles_p95": 454.75,
    "results_number_output_chars_quantiles_p99": 466.15,
    "results_number_output_chars_mean": 432.6,
    "results_number_output_chars_min": "400",
    "results_number_output_chars_max": "469",
    "results_number_output_chars_stddev": 16.721873478518457,
    "results_num_requests_started": 20,
    "results_error_rate": 0.0,
    "results_number_errors": 0,
    "results_error_code_frequency": "{}",
    "results_num_completed_requests": 20,
    "results_num_completed_requests_per_min": 13.636336898769114,
    "timestamp": 1741898703
}