{
    "individual_responses": [
        {
            "error_code": null,
            "error_msg": "",
            "ttft_s": 0.08901384402997792,
            "total_output_time_s": 1.1820094159338623,
            "end_to_end_latency_s": 1.2710232599638402,
            "inter_token_latency_s": 0.0036481772096724147,
            "number_input_chars": 390,
            "number_output_chars": 324,
            "number_total_chars": 714,
            "request_input_throughput_chars_per_s": 4381.340950388083,
            "request_output_throughput_chars_per_s": 274.10949154243366
        },
        {
            "error_code": null,
            "error_msg": "",
            "ttft_s": 0.2254127450287342,
            "total_output_time_s": 1.3551520199980587,
            "end_to_end_latency_s": 1.5805647650267929,
            "inter_token_latency_s": 0.0033710249253683052,
            "number_input_chars": 1242,
            "number_output_chars": 402,
            "number_total_chars": 1644,
            "request_input_throughput_chars_per_s": 5509.892529997262,
            "request_output_throughput_chars_per_s": 296.6456855523677
        },
        {
            "error_code": null,
            "error_msg": "",
            "ttft_s": 0.2557769319973886,
            "total_output_time_s": 1.4490355640882626,
            "end_to_end_latency_s": 1.7048124960856512,
            "inter_token_latency_s": 0.003534233083142104,
            "number_input_chars": 2868,
            "number_output_chars": 410,
            "number_total_chars": 3278,
            "request_input_throughput_chars_per_s": 11212.895461695824,
            "request_output_throughput_chars_per_s": 282.94681660071825
        }
    ],
    "summary": {
        "version": "2023-08-31",
        "name": "QwQ-32B",
        "model": "QwQ-32B",
        "list_mean_input_tokens": [
            100,
            300,
            1000
        ],
        "norm_stddev_input_tokens": 0.2,
        "mean_output_tokens": 100,
        "stddev_output_tokens": 0,
        "num_concurrent_requests": 1,
        "results_ttft_s_quantiles_p25": 0.15721329452935606,
        "results_ttft_s_quantiles_p50": 0.2254127450287342,
        "results_ttft_s_quantiles_p75": 0.2405948385130614,
        "results_ttft_s_quantiles_p90": 0.24970409460365772,
        "results_ttft_s_quantiles_p95": 0.25274051330052316,
        "results_ttft_s_quantiles_p99": 0.2551696482580155,
        "results_ttft_s_mean": 0.19006784035203358,
        "results_ttft_s_min": 0.08901384402997792,
        "results_ttft_s_max": 0.2557769319973886,
        "results_ttft_s_stddev": 0.08882245544939849,
        "results_inter_token_latency_s_quantiles_p25": 0.0034526290042552043,
        "results_inter_token_latency_s_quantiles_p50": 0.003534233083142104,
        "results_inter_token_latency_s_quantiles_p75": 0.0035912051464072592,
        "results_inter_token_latency_s_quantiles_p90": 0.0036253883843663523,
        "results_inter_token_latency_s_quantiles_p95": 0.0036367827970193835,
        "results_inter_token_latency_s_quantiles_p99": 0.0036458983271418083,
        "results_inter_token_latency_s_mean": 0.0035178117393942746,
        "results_inter_token_latency_s_min": 0.0033710249253683052,
        "results_inter_token_latency_s_max": 0.0036481772096724147,
        "results_inter_token_latency_s_stddev": 0.00013930395748725074,
        "results_end_to_end_latency_s_quantiles_p25": 1.4257940124953166,
        "results_end_to_end_latency_s_quantiles_p50": 1.5805647650267929,
        "results_end_to_end_latency_s_quantiles_p75": 1.642688630556222,
        "results_end_to_end_latency_s_quantiles_p90": 1.6799629498738795,
        "results_end_to_end_latency_s_quantiles_p95": 1.6923877229797655,
        "results_end_to_end_latency_s_quantiles_p99": 1.702327541464474,
        "results_end_to_end_latency_s_mean": 1.5188001736920949,
        "results_end_to_end_latency_s_min": 1.2710232599638402,
        "results_end_to_end_latency_s_max": 1.7048124960856512,
        "results_end_to_end_latency_s_stddev": 0.22339298086744527,
        "results_request_input_throughput_chars_per_s_quantiles_p25": 4945.616740192672,
        "results_request_input_throughput_chars_per_s_quantiles_p50": 5509.892529997262,
        "results_request_input_throughput_chars_per_s_quantiles_p75": 8361.393995846542,
        "results_request_input_throughput_chars_per_s_quantiles_p90": 10072.29487535611,
        "results_request_input_throughput_chars_per_s_quantiles_p95": 10642.595168525966,
        "results_request_input_throughput_chars_per_s_quantiles_p99": 11098.835403061852,
        "results_request_input_throughput_chars_per_s_mean": 7034.709647360389,
        "results_request_input_throughput_chars_per_s_min": 4381.340950388083,
        "results_request_input_throughput_chars_per_s_max": 11212.895461695824,
        "results_request_input_throughput_chars_per_s_stddev": 3662.1489171379944,
        "results_request_output_throughput_chars_per_s_quantiles_p25": 278.52815407157595,
        "results_request_output_throughput_chars_per_s_quantiles_p50": 282.94681660071825,
        "results_request_output_throughput_chars_per_s_quantiles_p75": 289.79625107654294,
        "results_request_output_throughput_chars_per_s_quantiles_p90": 293.9059117620378,
        "results_request_output_throughput_chars_per_s_quantiles_p95": 295.27579865720276,
        "results_request_output_throughput_chars_per_s_quantiles_p99": 296.3717081733347,
        "results_request_output_throughput_chars_per_s_mean": 284.5673312318399,
        "results_request_output_throughput_chars_per_s_min": 274.10949154243366,
        "results_request_output_throughput_chars_per_s_max": 296.6456855523677,
        "results_request_output_throughput_chars_per_s_stddev": 11.355155695348527,
        "results_number_input_chars_quantiles_p25": 816.0,
        "results_number_input_chars_quantiles_p50": 1242.0,
        "results_number_input_chars_quantiles_p75": 2055.0,
        "results_number_input_chars_quantiles_p90": 2542.8,
        "results_number_input_chars_quantiles_p95": 2705.3999999999996,
        "results_number_input_chars_quantiles_p99": 2835.48,
        "results_number_input_chars_mean": 1500.0,
        "results_number_input_chars_min": "390",
        "results_number_input_chars_max": "2868",
        "results_number_input_chars_stddev": 1258.9853057125013,
        "results_number_output_chars_quantiles_p25": 363.0,
        "results_number_output_chars_quantiles_p50": 402.0,
        "results_number_output_chars_quantiles_p75": 406.0,
        "results_number_output_chars_quantiles_p90": 408.4,
        "results_number_output_chars_quantiles_p95": 409.2,
        "results_number_output_chars_quantiles_p99": 409.84,
        "results_number_output_chars_mean": 378.6666666666667,
        "results_number_output_chars_min": "324",
        "results_number_output_chars_max": "410",
        "results_number_output_chars_stddev": 47.51140214025822,
        "results_num_requests_started": 3,
        "results_error_rate": 0.0,
        "results_number_errors": 0,
        "results_error_code_frequency": "{}",
        "results_num_completed_requests": 3,
        "results_num_completed_requests_per_min": 35.08445988362514,
        "timestamp": 1741912451
    }
}