{
    "version": "2023-08-31",
    "name": "QwQ-32B_1000_1000_summary",
    "model": "QwQ-32B",
    "mean_input_tokens": 1000,
    "stddev_input_tokens": 0,
    "mean_output_tokens": 1000,
    "stddev_output_tokens": 0,
    "num_concurrent_requests": 1,
    "results_ttft_s_quantiles_p25": 1.3040437549934722,
    "results_ttft_s_quantiles_p50": 1.306851741974242,
    "results_ttft_s_quantiles_p75": 1.3088219884666614,
    "results_ttft_s_quantiles_p90": 1.310004136362113,
    "results_ttft_s_quantiles_p95": 1.3103981856605968,
    "results_ttft_s_quantiles_p99": 1.310713425099384,
    "results_ttft_s_mean": 1.3062932483153418,
    "results_ttft_s_min": 1.3012357680127025,
    "results_ttft_s_max": 1.3107922349590808,
    "results_ttft_s_stddev": 0.004802650466105079,
    "results_inter_token_latency_s_quantiles_p25": 0.03931642441693631,
    "results_inter_token_latency_s_quantiles_p50": 0.04005771915631122,
    "results_inter_token_latency_s_quantiles_p75": 0.040546129137899775,
    "results_inter_token_latency_s_quantiles_p90": 0.040839175126852915,
    "results_inter_token_latency_s_quantiles_p95": 0.04093685712317063,
    "results_inter_token_latency_s_quantiles_p99": 0.0410150027202248,
    "results_inter_token_latency_s_mean": 0.03988912931778699,
    "results_inter_token_latency_s_min": 0.0385751296775614,
    "results_inter_token_latency_s_max": 0.04103453911948834,
    "results_inter_token_latency_s_stddev": 0.0012383418756547239,
    "results_end_to_end_latency_s_quantiles_p25": 45.51073944743257,
    "results_end_to_end_latency_s_quantiles_p50": 46.284647109918296,
    "results_end_to_end_latency_s_quantiles_p75": 46.60862048546551,
    "results_end_to_end_latency_s_quantiles_p90": 46.80300451079383,
    "results_end_to_end_latency_s_quantiles_p95": 46.86779918590328,
    "results_end_to_end_latency_s_quantiles_p99": 46.919634925990835,
    "results_end_to_end_latency_s_mean": 45.98469091862595,
    "results_end_to_end_latency_s_min": 44.736831784946844,
    "results_end_to_end_latency_s_max": 46.93259386101272,
    "results_end_to_end_latency_s_stddev": 1.1281946025368308,
    "results_request_input_throughput_token_per_s_quantiles_p25": 764.0475747823605,
    "results_request_input_throughput_token_per_s_quantiles_p50": 765.1977404026829,
    "results_request_input_throughput_token_per_s_quantiles_p75": 766.848990195829,
    "results_request_input_throughput_token_per_s_quantiles_p90": 767.8397400717165,
    "results_request_input_throughput_token_per_s_quantiles_p95": 768.1699900303457,
    "results_request_input_throughput_token_per_s_quantiles_p99": 768.4341899972491,
    "results_request_input_throughput_token_per_s_mean": 765.5317965178987,
    "results_request_input_throughput_token_per_s_min": 762.8974091620379,
    "results_request_input_throughput_token_per_s_max": 768.500239988975,
    "results_request_input_throughput_token_per_s_stddev": 2.816313802633471,
    "results_request_output_throughput_token_per_s_quantiles_p25": 24.66684596717834,
    "results_request_output_throughput_token_per_s_quantiles_p50": 24.96397750700309,
    "results_request_output_throughput_token_per_s_quantiles_p75": 25.443707979836194,
    "results_request_output_throughput_token_per_s_quantiles_p90": 25.731546263536057,
    "results_request_output_throughput_token_per_s_quantiles_p95": 25.827492358102678,
    "results_request_output_throughput_token_per_s_quantiles_p99": 25.904249233755973,
    "results_request_output_throughput_token_per_s_mean": 25.08571012900866,
    "results_request_output_throughput_token_per_s_min": 24.369714427353586,
    "results_request_output_throughput_token_per_s_max": 25.9234384526693,
    "results_request_output_throughput_token_per_s_stddev": 0.78398259556962,
    "results_number_input_tokens_quantiles_p25": 1000.0,
    "results_number_input_tokens_quantiles_p50": 1000.0,
    "results_number_input_tokens_quantiles_p75": 1000.0,
    "results_number_input_tokens_quantiles_p90": 1000.0,
    "results_number_input_tokens_quantiles_p95": 1000.0,
    "results_number_input_tokens_quantiles_p99": 1000.0,
    "results_number_input_tokens_mean": 1000.0,
    "results_number_input_tokens_min": "1000",
    "results_number_input_tokens_max": "1000",
    "results_number_input_tokens_stddev": 0.0,
    "results_number_output_tokens_quantiles_p25": 1111.0,
    "results_number_output_tokens_quantiles_p50": 1126.0,
    "results_number_output_tokens_quantiles_p75": 1132.5,
    "results_number_output_tokens_quantiles_p90": 1136.4,
    "results_number_output_tokens_quantiles_p95": 1137.7,
    "results_number_output_tokens_quantiles_p99": 1138.74,
    "results_number_output_tokens_mean": 1120.3333333333333,
    "results_number_output_tokens_min": "1096",
    "results_number_output_tokens_max": "1139",
    "results_number_output_tokens_stddev": 22.052966542697455,
    "results_num_requests_started": 3,
    "results_error_rate": 0.0,
    "results_number_errors": 0,
    "results_error_code_frequency": "{}",
    "results_mean_output_throughput_token_per_s": 24.261801678727434,
    "results_num_completed_requests": 3,
    "results_num_completed_requests_per_min": 1.2993526635438672,
    "timestamp": 1741837567
}